id,first_name,last_name,email,gender,ip_address,date
1,Tades,Phonix,tphonix0@japanpost.jp,Male,204.239.130.67,2020-09-27T03:51:05Z
2,Sherwynd,Barents,sbarents1@sciencedaily.com,Male,216.214.17.25,2020-04-16T15:05:34Z
3,Savina,Manssuer,smanssuer2@infoseek.co.jp,Female,205.71.75.153,2020-04-21T12:06:12Z
4,Colette,Vaen,cvaen3@oakley.com,Female,135.166.225.58,2020-10-13T05:38:44Z
5,Florencia,Fieller,ffieller4@epa.gov,Female,82.136.65.213,2020-11-09T20:40:42Z
6,Amelina,Habden,ahabden5@hostgator.com,Female,230.61.211.92,2020-08-08T10:00:46Z
7,Aurlie,Naylor,anaylor6@wordpress.org,Female,22.101.189.1,2020-10-04T15:47:18Z
8,Kellyann,McPhillimey,kmcphillimey7@cargocollective.com,Female,56.141.236.165,2020-04-16T22:21:55Z
9,Gail,Donaghie,gdonaghie8@economist.com,Male,192.120.224.39,2020-01-31T17:10:33Z
10,Ruprecht,Vynarde,rvynarde9@google.fr,Male,135.152.28.235,2020-08-23T14:31:58Z
11,Blaire,Darcey,bdarceya@loc.gov,Female,26.210.11.190,2020-02-16T19:26:05Z
12,Osmond,Haller,ohallerb@wsj.com,Male,67.56.173.10,2019-12-25T01:32:11Z
13,Chadwick,Cossem,ccossemc@google.com.au,Male,253.40.248.134,2020-05-07T01:27:40Z
14,Twila,Shelbourne,tshelbourned@ed.gov,Female,128.102.3.163,2020-09-25T19:55:28Z
15,Lorelei,Wapol,lwapole@java.com,Female,74.57.42.183,2020-06-26T21:06:39Z
16,Ellswerth,Gierardi,egierardif@vistaprint.com,Male,204.53.81.53,2020-06-11T00:28:35Z
17,Alfy,Bamlett,abamlettg@irs.gov,Male,63.117.37.222,2020-04-13T19:08:52Z
18,Jed,Normanville,jnormanvilleh@amazonaws.com,Male,163.63.133.242,2020-06-12T02:54:43Z
19,Carol,McGruar,cmcgruari@usnews.com,Female,85.56.36.212,2020-11-27T10:18:49Z
20,Jane,Marns,jmarnsj@army.mil,Female,63.154.178.84,2020-09-25T00:06:59Z
21,Mariam,Brailsford,mbrailsfordk@rakuten.co.jp,Female,37.48.44.101,2020-05-12T18:06:32Z
22,Eberto,Baldocci,ebaldoccil@oaic.gov.au,Male,135.73.125.47,2020-06-28T18:30:32Z
23,Dalt,Purshouse,dpurshousem@apple.com,Male,66.100.122.209,2020-03-06T01:56:24Z
24,Lucias,Phin,lphinn@berkeley.edu,Male,67.70.233.73,2020-03-04T17:10:05Z
25,Evvie,Lochran,elochrano@buzzfeed.com,Female,234.143.180.152,2020-07-10T08:09:19Z
26,Darlleen,Anglin,danglinp@google.fr,Female,151.143.251.148,2020-06-20T10:20:45Z
27,Yvonne,Mattersley,ymattersleyq@admin.ch,Female,239.119.191.170,2020-01-05T18:01:40Z
28,Martha,Lovie,mlovier@wikia.com,Female,243.89.238.158,2020-10-01T22:19:56Z
29,Lisha,Sellor,lsellors@google.co.jp,Female,252.179.162.186,2020-05-02T18:12:51Z
30,Ethelyn,Felder,efeldert@ted.com,Female,153.205.117.140,2020-01-21T12:02:51Z
31,Cesaro,Lutty,cluttyu@microsoft.com,Male,111.173.1.159,2020-06-20T00:19:12Z
32,Artair,MacFarlane,amacfarlanev@forbes.com,Male,241.80.140.162,2020-03-20T15:18:05Z
33,Cacilie,Axelbee,caxelbeew@twitter.com,Female,71.11.163.159,2020-08-11T08:24:42Z
34,Casandra,Meharry,cmeharryx@jugem.jp,Female,223.4.101.43,2020-04-11T10:34:31Z
35,Lorena,Alldritt,lalldritty@ted.com,Female,119.102.156.168,2020-06-05T11:26:13Z
36,Kiri,Poxton,kpoxtonz@nationalgeographic.com,Female,246.127.107.106,2020-06-02T10:46:10Z
37,Russell,Benbow,rbenbow10@reference.com,Male,218.121.193.63,2020-01-30T02:58:23Z
38,Cybil,Brotherhed,cbrotherhed11@amazonaws.com,Female,14.222.155.144,2020-06-28T05:58:22Z
39,Alistair,Jakeway,ajakeway12@squarespace.com,Male,149.175.218.87,2020-04-06T13:55:37Z
40,Faina,Grishanin,fgrishanin13@statcounter.com,Female,155.153.2.90,2020-05-09T22:45:44Z
41,Rainer,Fourmy,rfourmy14@mapy.cz,Male,145.239.107.216,2020-02-03T07:32:02Z
42,Lona,Lill,llill15@purevolume.com,Female,57.153.48.207,2020-02-14T11:32:47Z
43,Florinda,Ivatts,fivatts16@sohu.com,Female,140.24.21.148,2020-08-18T03:58:49Z
44,Banky,Lionel,blionel17@opensource.org,Male,24.25.181.3,2020-04-30T02:31:04Z
45,Jilli,O'Hanlon,johanlon18@soundcloud.com,Female,163.137.237.88,2020-11-11T04:00:26Z
46,Tootsie,Rolfini,trolfini19@techcrunch.com,Female,71.218.213.151,2020-11-18T06:09:15Z
47,Nap,Labrom,nlabrom1a@walmart.com,Male,227.202.144.148,2019-12-22T19:22:28Z
48,Clyve,Miguet,cmiguet1b@photobucket.com,Male,29.162.14.44,2020-04-17T23:51:22Z
49,Ermentrude,Hardie,ehardie1c@51.la,Female,255.1.143.96,2020-12-06T00:41:59Z
50,Abelard,Sellan,asellan1d@chronoengine.com,Male,4.20.106.23,2020-11-25T00:26:15Z
51,Rouvin,Redman,rredman1e@live.com,Male,11.203.179.134,2020-09-17T19:37:42Z
52,Tiler,Genthner,tgenthner1f@dion.ne.jp,Male,97.106.204.184,2020-02-22T05:41:11Z
53,Morris,Shackleton,mshackleton1g@tripadvisor.com,Male,133.219.139.114,2020-05-16T13:52:29Z
54,Lisa,Bownas,lbownas1h@ft.com,Female,172.213.235.55,2020-04-04T06:13:57Z
55,Florri,Everingham,feveringham1i@time.com,Female,249.94.169.133,2020-10-05T15:08:46Z
56,Giles,Andrejevic,gandrejevic1j@tripadvisor.com,Male,28.77.64.22,2020-01-21T09:58:10Z
57,Raimundo,Moden,rmoden1k@digg.com,Male,122.227.92.150,2020-04-03T23:57:49Z
58,Weidar,Standfield,wstandfield1l@ihg.com,Male,46.234.144.76,2020-08-13T00:22:43Z
59,Bartram,Smethurst,bsmethurst1m@about.me,Male,155.137.152.115,2020-02-15T03:32:05Z
60,Laurena,Lasselle,llasselle1n@narod.ru,Female,130.202.198.208,2020-03-09T07:18:38Z
61,Connor,Whistan,cwhistan1o@constantcontact.com,Male,122.43.77.23,2020-08-19T09:12:39Z
62,Ermentrude,Skaid,eskaid1p@nba.com,Female,74.198.0.84,2020-07-08T07:36:37Z
63,Lyndel,Gillice,lgillice1q@edublogs.org,Female,38.193.242.71,2020-07-03T12:23:06Z
64,Adamo,Kerss,akerss1r@nhs.uk,Male,54.162.139.30,2020-12-03T22:35:53Z
65,Kurt,Cuffley,kcuffley1s@cbc.ca,Male,132.145.250.200,2020-06-10T19:21:06Z
66,Spencer,Robjents,srobjents1t@nasa.gov,Male,149.176.80.115,2019-12-26T15:36:29Z
67,Bertine,Burthom,bburthom1u@oracle.com,Female,113.63.128.140,2020-03-09T14:08:55Z
68,Zachary,Kordovani,zkordovani1v@eepurl.com,Male,42.142.43.25,2020-02-05T04:32:56Z
69,Thatch,Alexis,talexis1w@fema.gov,Male,199.240.113.218,2019-12-13T06:50:53Z
70,Devland,Gibbard,dgibbard1x@so-net.ne.jp,Male,206.193.97.83,2019-12-31T23:20:39Z
71,Leshia,Jaspar,ljaspar1y@usda.gov,Female,250.65.215.98,2020-01-05T07:41:34Z
72,Vin,Corbert,vcorbert1z@nationalgeographic.com,Female,44.72.168.220,2020-10-28T13:12:32Z
73,Jarred,Shovlin,jshovlin20@accuweather.com,Male,242.165.88.190,2020-07-26T08:15:08Z
74,Sonnie,Cubbin,scubbin21@nsw.gov.au,Male,47.80.163.24,2020-01-15T13:37:13Z
75,Melany,Witt,mwitt22@pinterest.com,Female,149.74.34.83,2020-02-19T16:03:35Z
76,Othilie,Scandred,oscandred23@hp.com,Female,37.152.228.124,2020-04-01T21:17:55Z
77,Mendy,Duckit,mduckit24@taobao.com,Male,87.193.165.80,2020-06-19T22:30:07Z
78,Gwendolyn,Lackie,glackie25@hibu.com,Female,206.105.32.192,2019-12-30T19:25:38Z
79,Terry,Saban,tsaban26@army.mil,Female,242.212.228.216,2019-12-28T17:37:45Z
80,Al,Darte,adarte27@artisteer.com,Male,74.239.167.42,2020-11-07T20:55:49Z
81,Wolfie,Spurryer,wspurryer28@loc.gov,Male,75.136.192.157,2020-07-30T05:48:00Z
82,Christian,Birkby,cbirkby29@amazon.com,Male,74.25.75.147,2020-04-30T05:00:04Z
83,Rafael,Duffield,rduffield2a@goodreads.com,Male,215.157.105.42,2020-05-06T21:37:21Z
84,Ware,Tilson,wtilson2b@comcast.net,Male,1.241.107.164,2020-01-27T10:43:06Z
85,Charo,Ranyelld,cranyelld2c@wikia.com,Female,183.229.208.112,2020-01-07T03:16:59Z
86,Barty,Duffill,bduffill2d@nytimes.com,Male,190.189.12.81,2020-10-21T20:32:27Z
87,Eyde,Wittier,ewittier2e@netlog.com,Female,143.100.97.237,2020-02-20T19:57:06Z
88,Alwin,Chad,achad2f@deliciousdays.com,Male,84.59.136.30,2020-04-04T18:59:15Z
89,Aurelea,Sabati,asabati2g@i2i.jp,Female,205.77.30.178,2020-04-10T04:40:50Z
90,Giles,Beamson,gbeamson2h@rakuten.co.jp,Male,75.211.155.149,2020-05-22T23:44:52Z
91,Eberto,Fulloway,efulloway2i@sbwire.com,Male,1.250.85.79,2020-07-22T04:44:14Z
92,Casar,Frosdick,cfrosdick2j@wiley.com,Male,243.121.47.3,2020-07-07T13:56:08Z
93,Adrien,Nutting,anutting2k@symantec.com,Male,156.54.132.118,2020-03-21T03:56:33Z
94,Doloritas,Ropkins,dropkins2l@economist.com,Female,191.197.91.182,2020-06-01T02:41:17Z
95,Virgilio,Liccardi,vliccardi2m@aol.com,Male,193.241.251.4,2020-11-13T12:27:47Z
96,Celestyna,Sloyan,csloyan2n@google.cn,Female,35.191.82.116,2020-02-02T02:38:12Z
97,Pooh,Bruster,pbruster2o@miibeian.gov.cn,Male,62.251.102.213,2020-05-13T11:57:34Z
98,Tuckie,Sutcliff,tsutcliff2p@mozilla.org,Male,167.63.83.205,2020-02-21T11:10:15Z
99,Neille,Congram,ncongram2q@sohu.com,Female,13.75.1.133,2020-02-14T17:04:41Z
100,Marcella,Train,mtrain2r@mlb.com,Female,55.103.33.196,2019-12-16T06:09:32Z
101,Bernette,Scrimshire,bscrimshire2s@stanford.edu,Female,50.206.241.105,2020-03-28T18:05:20Z
102,Evey,Bruckental,ebruckental2t@army.mil,Female,27.25.168.44,2020-04-22T04:36:32Z
103,Joelynn,Bremner,jbremner2u@gov.uk,Female,190.71.230.50,2020-06-15T07:43:01Z
104,Eddi,Bryde,ebryde2v@theglobeandmail.com,Female,11.43.228.66,2020-11-12T10:51:29Z
105,Kalindi,Baine,kbaine2w@so-net.ne.jp,Female,192.215.26.35,2020-07-23T03:15:38Z
106,Guthrey,Zamorano,gzamorano2x@domainmarket.com,Male,226.114.219.214,2020-02-09T07:49:26Z
107,Den,Tapner,dtapner2y@zimbio.com,Male,26.188.6.213,2020-01-29T14:22:00Z
108,Killian,Curtin,kcurtin2z@springer.com,Male,149.197.8.232,2020-03-10T13:51:20Z
109,Danya,Harhoff,dharhoff30@mac.com,Female,141.192.147.178,2020-08-11T06:34:56Z
110,Pietrek,Hanscombe,phanscombe31@scientificamerican.com,Male,131.240.137.11,2020-09-02T17:25:09Z
111,Banky,Peek,bpeek32@latimes.com,Male,19.131.102.115,2020-05-09T13:28:37Z
112,Pearle,Hiseman,phiseman33@xing.com,Female,14.64.154.218,2020-06-24T03:59:27Z
113,Jarrod,Labrone,jlabrone34@netvibes.com,Male,128.149.75.119,2020-01-01T07:45:08Z
114,Bliss,Dranfield,bdranfield35@so-net.ne.jp,Female,117.120.183.61,2020-01-08T01:56:47Z
115,Ned,MacCosto,nmaccosto36@newsvine.com,Male,166.112.30.179,2020-09-29T03:41:09Z
116,Kane,Matushenko,kmatushenko37@webeden.co.uk,Male,246.46.216.232,2020-10-12T20:07:40Z
117,Min,Tuxell,mtuxell38@squarespace.com,Female,199.18.88.236,2020-10-01T21:18:53Z
118,Janaya,Hastewell,jhastewell39@telegraph.co.uk,Female,111.150.107.244,2020-07-16T04:48:26Z
119,Leanna,Reddlesden,lreddlesden3a@timesonline.co.uk,Female,28.176.107.32,2020-03-16T21:53:10Z
120,Jeddy,Poulsen,jpoulsen3b@163.com,Male,212.251.209.234,2020-01-30T18:41:12Z
121,Fanechka,Arnull,farnull3c@bandcamp.com,Female,138.159.134.59,2020-01-13T18:35:48Z
122,Lenette,Favey,lfavey3d@taobao.com,Female,150.20.186.120,2020-09-24T08:40:36Z
123,Josee,Haacker,jhaacker3e@usa.gov,Female,2.151.121.88,2020-07-24T07:17:44Z
124,Lemuel,Moxson,lmoxson3f@dell.com,Male,45.15.95.101,2019-12-27T09:55:45Z
125,Vittorio,Maccree,vmaccree3g@hao123.com,Male,21.56.150.164,2020-08-12T18:08:28Z
126,Chrissy,Coxwell,ccoxwell3h@behance.net,Female,120.235.104.68,2020-02-14T13:40:16Z
127,Kendrick,Bathow,kbathow3i@wsj.com,Male,11.224.208.99,2020-06-07T13:22:31Z
128,Carce,Bednall,cbednall3j@cbc.ca,Male,146.233.225.243,2020-01-30T21:26:44Z
129,Evin,Hawket,ehawket3k@pcworld.com,Male,170.123.125.2,2020-05-29T10:35:48Z
130,Babbette,Baty,bbaty3l@samsung.com,Female,34.117.11.28,2020-01-14T12:37:40Z
131,Xylia,Scougal,xscougal3m@wufoo.com,Female,174.93.100.5,2020-10-08T11:09:11Z
132,Rowen,Mogford,rmogford3n@intel.com,Male,251.106.220.74,2020-03-22T08:13:49Z
133,Katee,Besant,kbesant3o@auda.org.au,Female,64.113.102.226,2020-01-16T16:33:59Z
134,Danell,Lowy,dlowy3p@bravesites.com,Female,65.62.48.102,2020-08-10T17:07:19Z
135,Ev,Ambrosoli,eambrosoli3q@typepad.com,Male,133.0.29.166,2020-06-07T04:38:14Z
136,Durante,Brittle,dbrittle3r@pinterest.com,Male,81.250.243.43,2020-03-14T09:17:50Z
137,Jocelyne,Lofty,jlofty3s@si.edu,Female,235.194.88.144,2020-11-03T15:47:45Z
138,Welbie,Duffield,wduffield3t@huffingtonpost.com,Male,60.172.112.151,2019-12-19T00:53:12Z
139,Benedict,Kybbye,bkybbye3u@ucla.edu,Male,199.125.95.51,2019-12-27T04:05:19Z
140,Kerry,Thripp,kthripp3v@go.com,Female,15.34.184.77,2020-05-04T09:14:03Z
141,Lonnie,Heselwood,lheselwood3w@buzzfeed.com,Female,137.0.202.149,2020-08-23T10:12:21Z
142,Georgie,Tweedie,gtweedie3x@businessweek.com,Female,40.240.90.205,2020-03-22T16:21:18Z
143,Adel,Breukelman,abreukelman3y@bizjournals.com,Female,117.85.163.13,2020-04-18T15:50:39Z
144,Borden,Hillaby,bhillaby3z@ucoz.ru,Male,76.128.237.3,2020-10-08T06:59:25Z
145,Meade,Weild,mweild40@zdnet.com,Female,76.133.58.177,2020-02-09T18:01:03Z
146,Leena,De Leek,ldeleek41@arizona.edu,Female,51.88.36.76,2020-08-22T11:33:22Z
147,Adel,Clemas,aclemas42@msu.edu,Female,214.184.221.193,2019-12-23T22:21:15Z
148,Rivy,Howen,rhowen43@tamu.edu,Female,166.66.248.39,2020-10-18T21:30:10Z
149,Ruben,Taggerty,rtaggerty44@va.gov,Male,139.8.3.1,2020-07-17T09:44:42Z
150,Gerrard,Maillard,gmaillard45@shareasale.com,Male,171.122.67.227,2019-12-25T10:25:44Z
151,Stu,Solomonides,ssolomonides46@tumblr.com,Male,230.133.95.119,2020-01-08T11:52:39Z
152,Staci,Klasing,sklasing47@woothemes.com,Female,48.87.23.94,2020-06-19T09:01:27Z
153,Abba,Schole,aschole48@house.gov,Male,103.104.56.12,2020-11-29T21:07:44Z
154,Diahann,Bolstridge,dbolstridge49@google.cn,Female,104.219.125.20,2020-06-27T10:16:03Z
155,Celle,Sprague,csprague4a@bloglines.com,Female,177.175.159.196,2020-05-19T02:51:58Z
156,Enrica,Lunney,elunney4b@mayoclinic.com,Female,70.119.216.109,2020-10-14T04:20:43Z
157,Cynthea,Iacovazzi,ciacovazzi4c@sun.com,Female,203.158.191.3,2020-03-18T12:55:15Z
158,Con,Dowling,cdowling4d@wikimedia.org,Male,206.173.112.18,2020-11-06T11:19:40Z
159,Nickolaus,Jarrelt,njarrelt4e@mozilla.org,Male,222.8.219.148,2020-08-21T13:24:39Z
160,Ezmeralda,Tucknutt,etucknutt4f@cnbc.com,Female,249.36.131.8,2020-01-14T22:22:33Z
161,Lynett,Kubiczek,lkubiczek4g@wired.com,Female,204.45.129.11,2020-02-20T23:02:12Z
162,Myles,Mawby,mmawby4h@is.gd,Male,101.34.165.95,2020-08-26T10:07:18Z
163,Webster,Gronaller,wgronaller4i@google.pl,Male,112.61.210.6,2020-10-04T23:49:52Z
164,Tansy,Paddeley,tpaddeley4j@instagram.com,Female,243.164.140.5,2020-02-25T19:55:38Z
165,Kissee,McGaugie,kmcgaugie4k@ehow.com,Female,56.193.159.63,2020-08-20T11:31:08Z
166,Ardith,McWhannel,amcwhannel4l@mysql.com,Female,237.93.253.134,2020-04-22T13:05:23Z
167,Ranice,Cantos,rcantos4m@google.pl,Female,135.236.243.118,2020-06-05T13:06:33Z
168,Lucila,Werlock,lwerlock4n@scribd.com,Female,38.205.176.66,2020-02-09T10:33:27Z
169,Ginger,Sach,gsach4o@java.com,Male,179.172.88.32,2020-01-23T13:31:00Z
170,Timothy,McGilvary,tmcgilvary4p@mediafire.com,Male,137.37.72.77,2020-08-16T01:32:45Z
171,Myranda,Emmot,memmot4q@macromedia.com,Female,246.114.194.31,2020-08-22T16:57:57Z
172,Aundrea,Bunnell,abunnell4r@wisc.edu,Female,135.212.55.81,2020-08-23T11:40:44Z
173,Quentin,Buesden,qbuesden4s@merriam-webster.com,Male,157.152.209.237,2020-06-12T17:58:04Z
174,Hendrick,Reeder,hreeder4t@123-reg.co.uk,Male,70.243.240.170,2020-09-29T03:09:31Z
175,Kinna,Bourke,kbourke4u@elpais.com,Female,86.152.42.225,2020-04-11T02:16:52Z
176,Hewe,MattiCCI,hmatticci4v@wufoo.com,Male,62.250.185.162,2020-12-10T10:19:39Z
177,Adda,Cestard,acestard4w@w3.org,Female,222.51.85.249,2020-09-10T18:03:42Z
178,William,Serot,wserot4x@theatlantic.com,Male,59.84.79.95,2020-02-04T09:12:01Z
179,Henderson,Kilpatrick,hkilpatrick4y@sogou.com,Male,1.216.62.167,2020-08-16T06:51:07Z
180,Frederica,Dornin,fdornin4z@arizona.edu,Female,31.172.159.9,2020-02-16T09:26:13Z
181,Alphonse,Chardin,achardin50@state.tx.us,Male,45.13.49.129,2020-07-23T07:26:49Z
182,Remington,Luff,rluff51@home.pl,Male,78.183.242.203,2020-02-11T14:48:40Z
183,Dorisa,Gartshore,dgartshore52@si.edu,Female,107.24.47.146,2020-08-05T03:50:06Z
184,Courtenay,Laurence,claurence53@networksolutions.com,Female,229.19.143.138,2020-01-03T01:19:41Z
185,Zorana,Gerling,zgerling54@loc.gov,Female,225.181.1.12,2020-06-08T08:50:51Z
186,Aveline,Silverton,asilverton55@rediff.com,Female,64.2.40.27,2020-11-16T16:01:34Z
187,Yard,Cleve,ycleve56@illinois.edu,Male,243.13.109.201,2020-07-25T12:33:44Z
188,Glenn,Bowdon,gbowdon57@artisteer.com,Male,80.169.1.8,2020-04-28T14:55:17Z
189,Tessy,Mulligan,tmulligan58@ameblo.jp,Female,8.128.251.169,2019-12-29T06:33:51Z
190,Candi,Caslin,ccaslin59@skyrock.com,Female,239.118.232.217,2020-07-25T19:59:36Z
191,Raoul,Issacov,rissacov5a@gmpg.org,Male,52.185.151.191,2020-05-04T13:57:10Z
192,Hirsch,Willment,hwillment5b@meetup.com,Male,152.87.124.130,2020-06-03T02:08:31Z
193,Alon,Brosenius,abrosenius5c@hao123.com,Male,64.226.121.141,2020-01-24T01:27:21Z
194,Anjanette,Connal,aconnal5d@yolasite.com,Female,45.80.80.68,2020-11-22T19:22:22Z
195,Robinson,Luchelli,rluchelli5e@nih.gov,Male,20.108.135.43,2020-01-20T02:15:37Z
196,Lisle,Keary,lkeary5f@livejournal.com,Male,176.156.77.222,2019-12-26T15:57:14Z
197,Ernestine,Minichi,eminichi5g@mit.edu,Female,243.160.8.187,2020-04-26T02:31:09Z
198,Dwayne,Raleston,draleston5h@ox.ac.uk,Male,8.25.199.223,2020-01-28T10:13:09Z
199,Gregory,Duding,gduding5i@w3.org,Male,187.219.163.68,2020-09-09T00:55:37Z
200,Mitchel,Alexandersen,malexandersen5j@cnet.com,Male,58.43.239.88,2020-09-13T02:18:37Z
201,Nan,Zoephel,nzoephel5k@cpanel.net,Female,40.247.145.154,2020-09-14T11:26:26Z
202,Northrop,Bowlands,nbowlands5l@purevolume.com,Male,17.130.192.118,2020-07-12T10:59:42Z
203,Katherine,Fodden,kfodden5m@privacy.gov.au,Female,58.23.77.238,2020-08-14T04:34:32Z
204,Lombard,Laidel,llaidel5n@patch.com,Male,246.58.110.22,2020-06-01T01:15:53Z
205,Federica,Astman,fastman5o@plala.or.jp,Female,199.221.174.166,2020-09-13T08:36:01Z
206,Tracey,Guerner,tguerner5p@nature.com,Male,144.145.255.218,2020-03-26T16:12:10Z
207,Regen,Johantges,rjohantges5q@dion.ne.jp,Male,8.210.229.45,2020-04-15T08:45:27Z
208,Carney,Woolner,cwoolner5r@skype.com,Male,239.31.110.148,2020-04-26T08:26:05Z
209,Tisha,Aers,taers5s@nydailynews.com,Female,187.221.240.36,2020-10-09T13:49:21Z
210,Lynde,MacArthur,lmacarthur5t@clickbank.net,Female,153.126.245.94,2020-01-09T02:12:09Z
211,Ivory,Tremain,itremain5u@artisteer.com,Female,136.196.26.63,2020-08-04T14:37:02Z
212,Shae,Maier,smaier5v@wordpress.com,Female,224.40.168.135,2020-08-18T04:15:40Z
213,Domenic,Rayer,drayer5w@youtu.be,Male,56.213.132.99,2020-04-09T22:30:16Z
214,Stephi,Yanuk,syanuk5x@nba.com,Female,252.115.212.189,2020-07-03T23:28:43Z
215,Milena,Chilvers,mchilvers5y@unesco.org,Female,143.11.128.129,2020-06-28T19:22:05Z
216,Duff,Mallabone,dmallabone5z@ustream.tv,Male,96.90.99.83,2020-07-19T15:56:13Z
217,Zared,Rigney,zrigney60@cam.ac.uk,Male,87.193.199.132,2020-01-14T02:53:23Z
218,Thaine,Tremmil,ttremmil61@cargocollective.com,Male,176.7.107.26,2020-06-03T14:36:03Z
219,Ric,Barendtsen,rbarendtsen62@wsj.com,Male,33.51.22.220,2020-01-02T04:31:37Z
220,Katuscha,Benoiton,kbenoiton63@nbcnews.com,Female,91.107.2.149,2020-01-30T22:55:26Z
221,Dredi,Semarke,dsemarke64@twitpic.com,Female,16.195.198.49,2020-05-23T20:33:33Z
222,Borg,Hewertson,bhewertson65@bbc.co.uk,Male,127.148.11.63,2020-05-27T16:16:42Z
223,Munroe,Spurrier,mspurrier66@qq.com,Male,253.219.80.50,2020-03-05T20:04:41Z
224,Elka,Westrip,ewestrip67@tripadvisor.com,Female,30.217.63.221,2020-01-01T00:46:20Z
225,Risa,Jedrachowicz,rjedrachowicz68@noaa.gov,Female,215.3.56.161,2020-09-23T22:29:24Z
226,Haskell,McGrann,hmcgrann69@vimeo.com,Male,159.4.153.23,2020-01-16T08:34:20Z
227,Lonnie,Quinnell,lquinnell6a@alexa.com,Male,13.19.148.0,2020-02-01T08:32:39Z
228,Turner,Sterte,tsterte6b@amazonaws.com,Male,136.171.219.190,2020-09-19T13:56:53Z
229,Rolf,Radsdale,rradsdale6c@meetup.com,Male,188.228.248.234,2020-05-19T21:16:25Z
230,Marylin,Culshew,mculshew6d@desdev.cn,Female,109.6.102.41,2020-06-14T20:15:06Z
231,Seward,Fernihough,sfernihough6e@prlog.org,Male,33.66.221.237,2020-11-12T12:24:52Z
232,Broderic,Minchella,bminchella6f@networksolutions.com,Male,131.157.77.53,2020-02-08T19:27:30Z
233,Irina,Fancett,ifancett6g@jalbum.net,Female,225.113.243.3,2020-09-02T16:32:26Z
234,Aubrette,Mangan,amangan6h@amazon.co.uk,Female,9.50.71.227,2020-09-08T20:30:30Z
235,Nalani,Bridgett,nbridgett6i@prweb.com,Female,23.10.160.123,2019-12-15T17:59:38Z
236,Bentlee,O'Nolan,bonolan6j@scientificamerican.com,Male,75.3.169.192,2020-03-23T17:59:58Z
237,Giffy,Bentsen,gbentsen6k@sohu.com,Male,101.92.187.177,2020-03-14T18:23:50Z
238,Adella,Bleue,ableue6l@businessweek.com,Female,208.37.126.61,2020-04-12T21:07:14Z
239,Galvan,Tyrwhitt,gtyrwhitt6m@jiathis.com,Male,249.6.202.14,2020-02-01T00:24:35Z
240,Timmie,Firby,tfirby6n@bing.com,Female,222.112.60.235,2020-08-16T02:10:07Z
241,Carmon,Bartholat,cbartholat6o@adobe.com,Female,218.91.161.4,2019-12-18T18:46:52Z
242,Dalton,Malshinger,dmalshinger6p@utexas.edu,Male,116.103.248.246,2020-10-06T08:13:07Z
243,Sonny,MacDearmid,smacdearmid6q@aboutads.info,Female,69.53.208.136,2020-02-20T05:41:18Z
244,Ortensia,Soughton,osoughton6r@scribd.com,Female,43.199.124.133,2020-06-05T21:40:11Z
245,Fawnia,Tee,ftee6s@infoseek.co.jp,Female,183.233.216.28,2020-05-31T01:24:26Z
246,Kalindi,Cattermole,kcattermole6t@discuz.net,Female,151.67.87.148,2020-02-18T05:43:50Z
247,Wiley,Lucian,wlucian6u@yandex.ru,Male,171.114.17.133,2020-01-10T01:42:30Z
248,Elton,Oddie,eoddie6v@furl.net,Male,252.145.143.171,2020-01-07T17:01:52Z
249,Sorcha,Cambden,scambden6w@deliciousdays.com,Female,185.69.74.211,2020-07-26T23:01:12Z
250,Allix,Norfolk,anorfolk6x@aol.com,Female,45.220.132.167,2020-02-26T00:31:39Z
251,Forest,Carreyette,fcarreyette6y@ocn.ne.jp,Male,243.81.44.166,2020-05-20T03:54:38Z
252,Dede,De Maine,ddemaine6z@ca.gov,Female,88.83.8.103,2020-04-20T15:22:22Z
253,Susannah,Bearblock,sbearblock70@patch.com,Female,73.127.236.109,2020-12-02T11:16:11Z
254,Rebbecca,Bignold,rbignold71@washingtonpost.com,Female,225.240.186.176,2020-07-04T18:56:40Z
255,Dougy,Frossell,dfrossell72@google.com.br,Male,28.194.118.20,2020-03-22T22:26:52Z
256,Westley,MacAskie,wmacaskie73@cnn.com,Male,127.137.11.235,2020-10-10T19:50:28Z
257,Matthew,Sandon,msandon74@instagram.com,Male,27.221.4.80,2020-09-28T14:02:04Z
258,Lidia,Dukelow,ldukelow75@issuu.com,Female,120.42.150.42,2020-04-04T01:51:37Z
259,Cary,Swoffer,cswoffer76@123-reg.co.uk,Male,224.113.0.228,2020-03-23T03:17:52Z
260,Cristiano,Summergill,csummergill77@vimeo.com,Male,17.70.132.3,2020-09-02T01:21:21Z
261,Fabien,Buxsey,fbuxsey78@zdnet.com,Male,85.147.89.113,2020-04-05T23:50:52Z
262,Baldwin,Thomtson,bthomtson79@tamu.edu,Male,70.172.161.59,2020-07-30T03:42:24Z
263,Arin,Lobell,alobell7a@state.tx.us,Male,217.245.0.46,2020-07-28T10:23:37Z
264,Tabbitha,Moore,tmoore7b@yellowbook.com,Female,217.68.86.25,2020-11-15T09:44:41Z
265,Arleen,Ianizzi,aianizzi7c@51.la,Female,182.57.185.85,2020-09-14T12:41:46Z
266,Sal,Martello,smartello7d@google.co.jp,Male,213.171.251.51,2020-08-13T06:03:09Z
267,Elberta,Ervin,eervin7e@weebly.com,Female,36.109.139.87,2020-11-16T00:01:16Z
268,Gearalt,Spellsworth,gspellsworth7f@unc.edu,Male,105.223.172.77,2020-08-13T06:59:52Z
269,Ailbert,Chilvers,achilvers7g@printfriendly.com,Male,61.4.72.198,2020-03-02T06:41:14Z
270,Geri,Loxston,gloxston7h@bigcartel.com,Female,1.254.187.3,2020-02-03T23:33:25Z
271,Priscella,Howard - Gater,phowardgater7i@independent.co.uk,Female,209.130.117.53,2020-02-14T09:38:06Z
272,Cosme,Cast,ccast7j@unicef.org,Male,169.11.237.55,2020-04-03T16:54:47Z
273,Angelika,Effnert,aeffnert7k@mlb.com,Female,228.120.216.16,2020-01-13T04:24:43Z
274,Lief,Pregel,lpregel7l@google.cn,Male,221.55.88.41,2020-01-30T01:23:30Z
275,Julian,Casham,jcasham7m@miibeian.gov.cn,Male,116.72.39.173,2020-05-22T03:23:55Z
276,Viviyan,Ragge,vragge7n@cdc.gov,Female,45.117.43.55,2020-04-24T09:04:29Z
277,Levin,Ipgrave,lipgrave7o@hhs.gov,Male,212.116.129.114,2020-04-17T20:52:16Z
278,Junette,Yetton,jyetton7p@wikia.com,Female,105.188.21.182,2020-01-20T13:40:05Z
279,Kent,Garthside,kgarthside7q@ox.ac.uk,Male,107.61.67.176,2020-05-07T16:30:59Z
280,Junina,Kimbley,jkimbley7r@irs.gov,Female,28.181.215.244,2020-02-02T23:13:54Z
281,Agneta,Kamienski,akamienski7s@guardian.co.uk,Female,165.38.145.212,2020-11-24T08:08:44Z
282,Jessy,Juanico,jjuanico7t@geocities.jp,Female,133.14.228.169,2020-10-18T11:11:08Z
283,Jacob,Riddall,jriddall7u@marketwatch.com,Male,51.233.129.191,2020-04-16T04:16:55Z
284,Augy,Ragdale,aragdale7v@sina.com.cn,Male,14.140.143.219,2020-06-14T07:41:41Z
285,Raffaello,Merriman,rmerriman7w@opera.com,Male,188.197.218.92,2020-07-03T11:32:35Z
286,Arnaldo,Haworth,ahaworth7x@phoca.cz,Male,88.41.158.120,2020-07-06T14:38:23Z
287,Auberon,Tungay,atungay7y@cargocollective.com,Male,15.32.27.184,2020-10-09T13:43:35Z
288,Bamby,Hansell,bhansell7z@state.tx.us,Female,226.147.88.105,2020-09-08T01:03:48Z
289,Dewitt,Chesnay,dchesnay80@behance.net,Male,83.185.192.43,2020-10-16T16:37:58Z
290,Ruy,O'Regan,roregan81@wikipedia.org,Male,165.91.62.71,2020-11-13T05:50:26Z
291,Fenelia,Snedker,fsnedker82@seesaa.net,Female,98.228.255.55,2020-10-08T15:31:09Z
292,Gregorio,Walby,gwalby83@scientificamerican.com,Male,5.162.19.70,2019-12-22T21:54:21Z
293,Marquita,Swanson,mswanson84@nbcnews.com,Female,217.15.82.202,2020-07-11T02:02:15Z
294,Jammal,Redhead,jredhead85@w3.org,Male,0.37.184.86,2020-03-04T17:12:27Z
295,Josefina,Ivakhin,jivakhin86@skype.com,Female,154.87.185.88,2020-04-08T07:54:15Z
296,Edie,Nickels,enickels87@archive.org,Female,201.65.23.152,2020-04-29T10:32:53Z
297,Wayne,O'Bradden,wobradden88@telegraph.co.uk,Male,239.117.199.205,2020-04-16T18:55:52Z
298,Debee,Havile,dhavile89@jimdo.com,Female,130.16.0.131,2020-11-26T04:47:14Z
299,Lina,Stears,lstears8a@4shared.com,Female,77.27.75.150,2020-05-29T11:40:49Z
300,Toma,Keward,tkeward8b@i2i.jp,Female,212.93.198.41,2019-12-14T15:31:44Z
301,Nataline,Brabbs,nbrabbs8c@acquirethisname.com,Female,24.17.28.187,2020-09-17T16:48:20Z
302,Ailee,Fruchter,afruchter8d@narod.ru,Female,192.16.39.163,2020-06-24T14:51:33Z
303,Klemens,Nickols,knickols8e@samsung.com,Male,196.91.134.2,2019-12-12T08:51:08Z
304,Salomon,Cocklin,scocklin8f@reddit.com,Male,27.194.205.188,2020-06-13T18:51:29Z
305,Caitrin,Lehr,clehr8g@seesaa.net,Female,176.170.97.182,2020-11-12T15:59:40Z
306,Allyson,Hakonsen,ahakonsen8h@umn.edu,Female,21.23.31.94,2020-10-23T06:52:25Z
307,Shae,Ruspine,sruspine8i@sohu.com,Female,65.63.234.167,2020-07-17T03:01:12Z
308,Lonnie,Weaving,lweaving8j@un.org,Male,32.110.241.154,2020-09-21T18:31:38Z
309,Silvio,Cordelle,scordelle8k@hubpages.com,Male,240.104.32.157,2020-01-28T09:08:57Z
310,Monica,Baumler,mbaumler8l@wired.com,Female,104.30.159.132,2020-05-16T05:53:44Z
311,Arel,Hext,ahext8m@bravesites.com,Male,46.207.213.231,2020-05-19T22:04:16Z
312,Hakeem,Noriega,hnoriega8n@skyrock.com,Male,135.144.59.21,2020-03-21T13:17:38Z
313,Carly,Gricks,cgricks8o@amazonaws.com,Female,44.194.101.65,2020-06-13T16:27:24Z
314,Winfred,Alsford,walsford8p@tripadvisor.com,Male,2.144.222.156,2020-10-10T12:46:40Z
315,Darren,McMoyer,dmcmoyer8q@timesonline.co.uk,Male,226.252.137.194,2020-06-25T01:16:35Z
316,Gerladina,Filtness,gfiltness8r@reverbnation.com,Female,42.84.207.220,2020-08-03T01:15:43Z
317,Otho,Lomb,olomb8s@cocolog-nifty.com,Male,145.219.155.33,2020-06-01T14:30:37Z
318,Katrinka,Becaris,kbecaris8t@who.int,Female,234.70.78.123,2020-09-20T07:45:10Z
319,Worden,De Lorenzo,wdelorenzo8u@paypal.com,Male,125.142.145.167,2020-09-27T23:27:03Z
320,Vale,Blakeman,vblakeman8v@engadget.com,Female,248.230.28.122,2020-02-22T17:13:51Z
321,Cleo,Drayson,cdrayson8w@hostgator.com,Female,156.30.131.103,2020-04-07T13:09:46Z
322,Katey,Bartoli,kbartoli8x@narod.ru,Female,69.182.235.47,2020-08-23T02:19:13Z
323,Carilyn,Callf,ccallf8y@biblegateway.com,Female,144.143.124.97,2020-08-09T16:25:48Z
324,Dorey,Valde,dvalde8z@icio.us,Male,61.0.244.201,2020-09-18T05:58:58Z
325,Menard,Cordier,mcordier90@mac.com,Male,171.43.70.175,2020-02-04T18:52:16Z
326,Marmaduke,Davidovsky,mdavidovsky91@abc.net.au,Male,0.80.233.67,2020-04-13T20:53:13Z
327,Georgie,Brimilcombe,gbrimilcombe92@yellowpages.com,Male,32.51.82.28,2020-06-15T12:08:41Z
328,Wesley,O'Kennedy,wokennedy93@china.com.cn,Male,186.121.122.194,2020-03-02T22:17:23Z
329,Catherin,Hugenin,chugenin94@bloglovin.com,Female,95.81.151.43,2020-10-06T17:53:32Z
330,Reina,Ratter,rratter95@go.com,Female,18.70.189.107,2019-12-26T03:24:23Z
331,Hillie,Sevier,hsevier96@ustream.tv,Male,236.19.109.226,2020-09-13T11:39:56Z
332,Kiley,Haggath,khaggath97@usgs.gov,Female,33.110.115.231,2019-12-24T20:24:04Z
333,Duky,Bikker,dbikker98@paypal.com,Male,144.53.169.159,2020-01-09T00:18:26Z
334,Jania,Prestidge,jprestidge99@zimbio.com,Female,2.238.74.26,2020-10-27T16:10:24Z
335,Alfy,Garnham,agarnham9a@sourceforge.net,Male,37.77.20.202,2020-03-14T05:23:15Z
336,Ingar,Eirwin,ieirwin9b@mayoclinic.com,Male,204.38.210.207,2020-10-11T18:12:51Z
337,Rosco,Casado,rcasado9c@wikispaces.com,Male,80.84.44.143,2020-09-17T18:12:32Z
338,Barbaraanne,Woodger,bwoodger9d@newyorker.com,Female,231.62.89.52,2019-12-17T06:34:17Z
339,Moses,Lindenstrauss,mlindenstrauss9e@army.mil,Male,27.43.77.108,2020-03-04T19:32:28Z
340,Randene,Jane,rjane9f@t-online.de,Female,222.105.157.91,2020-03-14T22:52:02Z
341,Paulita,Bodesson,pbodesson9g@dailymail.co.uk,Female,96.1.7.32,2020-01-30T15:06:58Z
342,Omar,Pharro,opharro9h@samsung.com,Male,169.19.119.51,2020-08-25T11:02:28Z
343,Riki,Thoumas,rthoumas9i@phpbb.com,Female,14.220.39.228,2019-12-15T17:47:06Z
344,Magdalene,Hansana,mhansana9j@digg.com,Female,3.124.52.133,2020-04-28T16:31:10Z
345,Cloe,Brunet,cbrunet9k@chron.com,Female,117.182.25.215,2020-11-26T03:05:32Z
346,Tobe,Blenkinship,tblenkinship9l@census.gov,Male,179.47.117.170,2020-06-05T17:27:23Z
347,Ramonda,Cohane,rcohane9m@sphinn.com,Female,228.189.66.3,2020-04-20T13:23:06Z
348,Isidora,McIlwrath,imcilwrath9n@businessinsider.com,Female,196.239.213.193,2020-02-13T20:41:06Z
349,Marty,Linch,mlinch9o@hostgator.com,Male,184.238.168.67,2020-01-12T03:59:59Z
350,Christiane,Norker,cnorker9p@dagondesign.com,Female,24.121.141.96,2020-08-17T13:33:40Z
351,Tamara,Midgley,tmidgley9q@techcrunch.com,Female,228.141.221.13,2020-09-17T09:18:34Z
352,Lexy,Sirl,lsirl9r@biblegateway.com,Female,72.88.189.250,2020-08-23T13:54:02Z
353,Yolanda,Sarfatti,ysarfatti9s@ucoz.ru,Female,212.42.224.104,2020-02-09T12:07:08Z
354,Glen,Goundsy,ggoundsy9t@ftc.gov,Female,128.255.142.188,2020-02-03T02:55:51Z
355,Odelinda,Lindsay,olindsay9u@answers.com,Female,197.233.22.147,2020-07-02T23:54:21Z
356,Claudianus,Rubinowicz,crubinowicz9v@un.org,Male,138.33.149.251,2019-12-20T17:03:44Z
357,Kahaleel,Mattys,kmattys9w@blogspot.com,Male,66.121.70.104,2020-05-18T22:27:34Z
358,Tito,Errichelli,terrichelli9x@marketwatch.com,Male,81.101.242.116,2019-12-27T16:09:19Z
359,Murial,Shoreson,mshoreson9y@loc.gov,Female,206.118.148.108,2020-02-07T03:51:03Z
360,Renie,O' Donohoe,rodonohoe9z@skype.com,Female,204.235.210.238,2020-06-29T05:41:23Z
361,Philippine,Ballister,pballistera0@usatoday.com,Female,217.42.169.229,2020-08-07T01:46:34Z
362,Ekaterina,Scotson,escotsona1@ucoz.com,Female,79.149.198.234,2020-05-17T20:51:48Z
363,Ari,Mawby,amawbya2@elpais.com,Male,137.152.99.116,2020-10-13T06:13:05Z
364,Arlena,Jerrard,ajerrarda3@is.gd,Female,2.27.224.99,2020-05-16T19:12:44Z
365,Lyon,Foston,lfostona4@wikia.com,Male,69.17.109.204,2020-12-01T03:53:59Z
366,Fritz,Caulfield,fcaulfielda5@loc.gov,Male,187.111.94.184,2020-05-28T04:51:10Z
367,Phillis,Buckett,pbucketta6@columbia.edu,Female,126.122.53.87,2020-01-23T08:10:25Z
368,Benito,Moules,bmoulesa7@vimeo.com,Male,94.137.85.106,2020-09-29T19:02:10Z
369,Myrtie,Piegrome,mpiegromea8@bbc.co.uk,Female,206.49.75.74,2020-05-06T05:24:51Z
370,Benito,Bramont,bbramonta9@chron.com,Male,152.79.239.64,2020-01-14T07:09:10Z
371,Talyah,Spaight,tspaightaa@epa.gov,Female,166.249.187.213,2020-05-18T16:19:58Z
372,Melinda,Pignon,mpignonab@china.com.cn,Female,37.65.171.229,2020-03-25T18:32:16Z
373,Augustine,Brecken,abreckenac@bloomberg.com,Female,152.219.117.77,2020-07-22T03:09:38Z
374,Marshall,Haseman,mhasemanad@oaic.gov.au,Male,21.247.83.147,2020-03-15T07:32:47Z
375,Darsey,Mussotti,dmussottiae@cornell.edu,Female,30.76.154.181,2020-08-12T11:07:36Z
376,Anette,Draayer,adraayeraf@netlog.com,Female,100.132.149.5,2020-08-11T10:21:32Z
377,Debi,Perrett,dperrettag@hugedomains.com,Female,134.7.18.224,2020-06-30T06:50:55Z
378,Heath,Dilger,hdilgerah@storify.com,Female,156.75.244.53,2020-04-20T14:01:41Z
379,Wang,Lissett,wlissettai@1und1.de,Male,195.217.218.21,2020-02-24T23:37:10Z
380,Fabio,Davidson,fdavidsonaj@europa.eu,Male,113.196.97.73,2020-12-04T12:04:53Z
381,Blakeley,Daborne,bdaborneak@yahoo.com,Female,232.219.194.22,2020-03-21T15:57:28Z
382,Joel,Tunnicliff,jtunnicliffal@hud.gov,Male,120.24.147.241,2020-07-16T07:21:58Z
383,Kalindi,Peeke-Vout,kpeekevoutam@un.org,Female,194.69.57.84,2020-10-05T04:05:30Z
384,Louie,Mougenel,lmougenelan@dell.com,Male,73.3.119.23,2020-12-08T08:49:18Z
385,Henrieta,Gumby,hgumbyao@behance.net,Female,187.180.208.153,2019-12-19T23:52:16Z
386,Jared,Schwandner,jschwandnerap@fastcompany.com,Male,96.143.233.51,2020-08-31T17:52:49Z
387,Rene,Delatour,rdelatouraq@spotify.com,Male,230.171.140.35,2020-06-10T21:07:11Z
388,Andi,Jacmard,ajacmardar@last.fm,Female,244.171.195.170,2020-01-19T01:18:41Z
389,Loren,Leidl,lleidlas@about.com,Female,9.80.160.240,2020-08-04T16:50:17Z
390,Jori,Oxbrow,joxbrowat@biblegateway.com,Female,118.131.24.226,2020-10-19T18:00:22Z
391,Rouvin,Sellick,rsellickau@moonfruit.com,Male,164.137.71.161,2020-08-30T21:36:34Z
392,Wainwright,Fitchen,wfitchenav@weather.com,Male,252.157.83.17,2020-05-13T11:10:12Z
393,Everard,Haselhurst,ehaselhurstaw@xrea.com,Male,172.63.114.162,2020-08-22T17:51:59Z
394,Kitti,Winman,kwinmanax@statcounter.com,Female,5.194.235.162,2020-09-15T19:51:54Z
395,Dru,McGriffin,dmcgriffinay@goo.gl,Male,147.197.21.252,2020-03-28T00:21:25Z
396,Margarethe,Mainland,mmainlandaz@amazon.co.jp,Female,142.57.254.129,2020-07-11T14:18:18Z
397,Julie,Baldung,jbaldungb0@va.gov,Female,234.201.47.129,2020-08-17T04:37:41Z
398,Hendrik,Lydall,hlydallb1@mozilla.com,Male,92.197.119.174,2020-12-09T12:10:43Z
399,Aldwin,Fantone,afantoneb2@cbslocal.com,Male,179.239.244.81,2020-10-22T10:26:17Z
400,Ruthi,Simmonite,rsimmoniteb3@netscape.com,Female,144.157.36.219,2020-06-09T19:58:12Z
401,Gerik,Verbrugghen,gverbrugghenb4@bbb.org,Male,76.36.136.120,2020-01-17T23:01:18Z
402,Egor,Goane,egoaneb5@xrea.com,Male,67.127.90.113,2019-12-16T10:01:39Z
403,Barny,Gillease,bgilleaseb6@umn.edu,Male,141.152.107.210,2020-06-14T02:15:04Z
404,Tedd,Dalgarnocht,tdalgarnochtb7@lycos.com,Male,232.28.36.43,2020-06-07T07:15:11Z
405,Carlie,Arnely,carnelyb8@discovery.com,Female,112.98.17.188,2020-09-29T11:39:54Z
406,Sherrie,Children,schildrenb9@arizona.edu,Female,73.43.5.34,2020-03-22T20:24:32Z
407,Rog,Moon,rmoonba@admin.ch,Male,171.88.205.161,2020-06-01T20:42:51Z
408,Renell,Briggs,rbriggsbb@163.com,Female,219.46.5.105,2020-05-16T09:40:24Z
409,Romonda,Gascar,rgascarbc@europa.eu,Female,168.202.146.94,2019-12-19T15:58:43Z
410,Pippo,Tellenbrook,ptellenbrookbd@yahoo.com,Male,180.147.239.205,2020-04-09T20:14:19Z
411,Nevil,Badam,nbadambe@list-manage.com,Male,139.146.40.62,2020-01-29T01:51:10Z
412,Isobel,Oak,ioakbf@marriott.com,Female,52.248.147.119,2020-11-10T09:50:51Z
413,Elvina,Ovill,eovillbg@answers.com,Female,35.229.218.148,2020-07-07T06:13:26Z
414,Dario,Pimlock,dpimlockbh@delicious.com,Male,241.114.124.35,2020-02-07T10:03:43Z
415,Larine,Clink,lclinkbi@devhub.com,Female,253.64.139.91,2020-07-13T10:32:22Z
416,Ilysa,Tumini,ituminibj@army.mil,Female,74.252.85.28,2020-09-16T08:21:58Z
417,Diahann,Holliar,dholliarbk@fastcompany.com,Female,44.110.189.195,2020-06-19T14:27:01Z
418,Kienan,Ellaman,kellamanbl@phoca.cz,Male,183.227.98.7,2020-11-06T23:51:45Z
419,Anthe,Avramovic,aavramovicbm@home.pl,Female,105.131.195.38,2020-08-31T00:30:34Z
420,Marris,MacKerley,mmackerleybn@weibo.com,Female,167.36.103.59,2020-09-20T14:03:47Z
421,Michel,Sondland,msondlandbo@ucsd.edu,Female,86.180.226.18,2020-10-09T09:20:07Z
422,Delainey,Waith,dwaithbp@theatlantic.com,Male,254.83.238.157,2020-11-24T20:58:21Z
423,Ulrike,Varfolomeev,uvarfolomeevbq@ucsd.edu,Female,23.246.22.69,2020-02-22T21:49:39Z
424,Susan,Calloway,scallowaybr@timesonline.co.uk,Female,154.112.218.143,2020-05-14T21:16:00Z
425,Barnabas,Habben,bhabbenbs@networkadvertising.org,Male,211.12.150.200,2019-12-25T03:18:47Z
426,Tomasina,Rosenkrantz,trosenkrantzbt@google.ca,Female,125.67.194.58,2020-10-03T21:46:10Z
427,Wade,Lanchberry,wlanchberrybu@pcworld.com,Male,138.103.176.99,2020-10-24T14:28:22Z
428,Miof mela,Amer,mamerbv@lycos.com,Female,50.133.40.208,2020-11-10T08:47:52Z
429,Allx,Kinnerley,akinnerleybw@google.co.jp,Female,128.228.56.147,2020-02-13T08:43:34Z
430,Noak,Blodg,nblodgbx@soundcloud.com,Male,46.90.25.204,2020-09-29T02:42:38Z
431,Bernarr,Searjeant,bsearjeantby@linkedin.com,Male,13.3.66.166,2020-04-20T07:29:17Z
432,Lucias,Biaggetti,lbiaggettibz@paypal.com,Male,135.134.204.5,2020-08-12T08:29:05Z
433,Mendy,Connow,mconnowc0@hao123.com,Male,250.35.126.4,2020-07-20T11:50:16Z
434,Jimmy,Bradie,jbradiec1@shutterfly.com,Male,24.189.213.8,2020-12-09T09:10:31Z
435,Lu,Skalls,lskallsc2@tuttocitta.it,Female,184.182.106.101,2020-06-27T13:25:12Z
436,Vittorio,Chisolm,vchisolmc3@weibo.com,Male,250.89.190.252,2020-04-19T07:56:36Z
437,Jermain,Curds,jcurdsc4@cnet.com,Male,188.153.55.182,2020-10-21T08:57:10Z
438,Horst,Marcroft,hmarcroftc5@ehow.com,Male,116.105.32.99,2020-05-09T02:37:13Z
439,Kathleen,Woodyeare,kwoodyearec6@arstechnica.com,Female,97.30.164.45,2020-03-09T03:39:31Z
440,Webb,D'Agostini,wdagostinic7@ycombinator.com,Male,153.33.84.251,2020-03-21T03:14:18Z
441,Phelia,Abbison,pabbisonc8@skyrock.com,Female,162.77.232.90,2020-02-16T20:50:26Z
442,Sybilla,Cazalet,scazaletc9@hatena.ne.jp,Female,120.116.170.201,2020-08-02T07:51:56Z
443,Morley,Vasilechko,mvasilechkoca@multiply.com,Male,93.188.80.82,2020-02-20T06:54:13Z
444,Roi,Diviney,rdivineycb@engadget.com,Male,252.244.127.153,2020-02-06T16:29:18Z
445,Angelita,Frisdick,afrisdickcc@cisco.com,Female,75.166.241.137,2020-01-30T11:41:09Z
446,Jethro,Goult,jgoultcd@infoseek.co.jp,Male,18.223.152.102,2020-06-05T11:00:33Z
447,Agosto,Andryszczak,aandryszczakce@usatoday.com,Male,64.248.3.53,2020-04-23T14:02:05Z
448,Yorke,Hargerie,yhargeriecf@ebay.com,Male,203.13.191.183,2020-09-02T11:22:15Z
449,Joela,Cornwall,jcornwallcg@paginegialle.it,Female,190.237.240.143,2020-02-24T10:09:35Z
450,Celinka,Olivet,colivetch@who.int,Female,225.166.237.144,2020-11-29T16:18:08Z
451,Shelagh,McKean,smckeanci@telegraph.co.uk,Female,29.154.102.121,2020-12-07T06:10:00Z
452,Caresse,Kann,ckanncj@unicef.org,Female,96.160.120.120,2020-03-25T18:35:48Z
453,Gibbie,Paintain,gpaintainck@hugedomains.com,Male,224.161.147.115,2020-03-25T15:50:46Z
454,Nanci,Boggon,nboggoncl@chicagotribune.com,Female,74.225.152.250,2020-06-16T23:48:08Z
455,Giffer,Murtell,gmurtellcm@artisteer.com,Male,125.132.179.134,2020-03-21T13:15:01Z
456,Sosanna,Cooper,scoopercn@webnode.com,Female,47.209.4.163,2020-07-18T23:42:32Z
457,Dorise,Dripps,ddrippsco@xing.com,Female,108.0.131.136,2019-12-29T06:50:05Z
458,Jaymee,Blunsen,jblunsencp@com.com,Female,56.142.208.80,2020-06-27T02:51:03Z
459,Marin,Romagosa,mromagosacq@booking.com,Female,6.6.176.243,2020-11-04T20:55:37Z
460,Ricca,Eglinton,reglintoncr@toplist.cz,Female,119.116.45.24,2019-12-26T16:58:24Z
461,Bran,Vannozzii,bvannozziics@va.gov,Male,248.87.114.207,2020-04-13T13:53:25Z
462,Liva,Wheildon,lwheildonct@google.ca,Female,116.97.13.8,2020-04-22T11:05:34Z
463,Ash,Geockle,ageocklecu@ning.com,Male,226.16.209.199,2020-02-27T20:52:24Z
464,Marie,Hammatt,mhammattcv@163.com,Female,218.218.195.180,2020-07-16T02:59:16Z
465,Maire,Ramey,mrameycw@goodreads.com,Female,56.85.79.247,2020-03-19T14:20:25Z
466,Desirae,Voss,dvosscx@cisco.com,Female,29.255.116.44,2020-07-10T21:10:34Z
467,Jacqui,Eyam,jeyamcy@dot.gov,Female,238.204.137.6,2020-09-28T23:56:13Z
468,Sean,Nacci,snaccicz@about.com,Female,225.118.181.131,2020-04-16T01:39:26Z
469,Adi,Flavelle,aflavelled0@tiny.cc,Female,109.34.131.9,2020-08-27T22:06:15Z
470,Camile,Impy,cimpyd1@disqus.com,Female,96.157.101.112,2020-10-23T00:49:48Z
471,Wendeline,Congreve,wcongreved2@exblog.jp,Female,64.101.36.189,2020-03-03T19:13:32Z
472,Haskell,Shirtcliffe,hshirtcliffed3@elpais.com,Male,206.43.178.62,2020-02-16T19:01:19Z
473,Bord,Cranna,bcrannad4@livejournal.com,Male,154.61.24.194,2020-04-07T15:15:26Z
474,Jelene,Iacovucci,jiacovuccid5@etsy.com,Female,242.0.197.222,2019-12-16T11:12:32Z
475,Erroll,Heining,eheiningd6@slideshare.net,Male,154.243.152.38,2020-01-24T17:33:44Z
476,Darleen,Dacre,ddacred7@telegraph.co.uk,Female,23.10.163.176,2020-12-05T17:23:58Z
477,Tomasine,Humpage,thumpaged8@foxnews.com,Female,87.27.11.166,2019-12-20T23:55:47Z
478,Hyman,Balding,hbaldingd9@prlog.org,Male,74.70.201.14,2020-05-31T05:14:56Z
479,Dinnie,Noone,dnooneda@1und1.de,Female,19.225.90.246,2020-10-10T12:55:46Z
480,Hinze,Morstatt,hmorstattdb@blogs.com,Male,8.187.39.231,2020-10-17T00:16:02Z
481,Isaak,Leat,ileatdc@yandex.ru,Male,236.250.114.127,2020-03-11T22:43:47Z
482,Belia,Ollerhad,bollerhaddd@mapy.cz,Female,125.27.103.159,2020-02-18T05:39:39Z
483,Madelena,Bilbey,mbilbeyde@blogspot.com,Female,62.129.97.189,2020-10-01T07:04:32Z
484,Krishnah,Autry,kautrydf@vimeo.com,Male,102.216.81.106,2020-10-18T04:57:47Z
485,Hammad,Gready,hgreadydg@independent.co.uk,Male,14.232.193.178,2020-10-19T20:03:22Z
486,Lira,Pilgrim,lpilgrimdh@symantec.com,Female,231.76.46.203,2020-06-21T18:57:49Z
487,Alta,Churching,achurchingdi@cmu.edu,Female,197.200.115.174,2020-04-11T05:05:44Z
488,Kerry,Lyndon,klyndondj@nymag.com,Male,124.204.93.92,2020-04-30T12:21:56Z
489,Aldis,Gudyer,agudyerdk@marriott.com,Male,130.74.150.227,2020-04-12T03:09:46Z
490,Shawna,Krishtopaittis,skrishtopaittisdl@webs.com,Female,73.203.48.40,2020-08-04T05:31:25Z
491,Karlyn,Peggrem,kpeggremdm@msu.edu,Female,167.150.234.48,2020-11-02T09:02:17Z
492,Stirling,Chartre,schartredn@slashdot.org,Male,208.195.42.10,2020-01-15T23:56:59Z
493,Adah,Negal,anegaldo@lycos.com,Female,55.190.26.101,2020-02-10T00:27:21Z
494,Cherianne,Minifie,cminifiedp@last.fm,Female,141.194.48.86,2020-11-28T10:17:09Z
495,Karly,Geeves,kgeevesdq@google.ru,Female,246.23.100.244,2020-10-31T03:31:36Z
496,Bank,Deekes,bdeekesdr@hp.com,Male,125.97.0.21,2020-11-09T05:44:22Z
497,Egbert,Griffen,egriffends@dell.com,Male,250.40.204.160,2020-05-28T17:04:27Z
498,Johnathan,McIsaac,jmcisaacdt@woothemes.com,Male,164.240.14.240,2020-03-16T20:14:23Z
499,Aleta,Galbreath,agalbreathdu@hibu.com,Female,102.112.173.116,2020-05-15T15:02:03Z
500,Lewiss,Pettus,lpettusdv@oaic.gov.au,Male,98.8.240.18,2020-09-12T11:00:18Z
501,Sapphira,Roskams,sroskamsdw@arizona.edu,Female,140.4.56.234,2019-12-19T18:16:56Z
502,Claudell,Georgeon,cgeorgeondx@usgs.gov,Male,201.171.148.124,2020-10-14T06:39:36Z
503,Rafferty,Freke,rfrekedy@photobucket.com,Male,42.244.20.217,2020-11-04T12:24:33Z
504,Ag,Ragsdale,aragsdaledz@t-online.de,Female,92.13.173.194,2020-02-15T23:36:14Z
505,Nessie,Branney,nbranneye0@opensource.org,Female,215.144.167.39,2020-06-23T08:34:23Z
506,Curran,Ciobotaru,cciobotarue1@ucoz.ru,Male,144.206.160.113,2020-04-04T10:06:13Z
507,Cami,Nieass,cnieasse2@europa.eu,Female,65.171.82.182,2020-07-10T03:57:41Z
508,Bink,Smardon,bsmardone3@rakuten.co.jp,Male,155.137.151.46,2020-09-29T20:10:00Z
509,Drusie,Smalles,dsmallese4@freewebs.com,Female,167.128.61.166,2020-11-21T18:44:55Z
510,Oswell,Merkle,omerklee5@engadget.com,Male,122.132.176.162,2020-05-31T20:15:49Z
511,Cissiee,Cawthera,ccawtherae6@cbslocal.com,Female,153.3.245.112,2020-04-09T14:54:35Z
512,Arleen,MacFadzan,amacfadzane7@tmall.com,Female,56.206.95.67,2020-06-18T17:09:52Z
513,Teresita,Kirkup,tkirkupe8@yellowpages.com,Female,67.105.161.89,2020-02-17T15:47:15Z
514,Reginauld,Mathias,rmathiase9@irs.gov,Male,227.243.218.144,2020-11-08T03:49:14Z
515,Dominik,Marl,dmarlea@linkedin.com,Male,101.244.89.104,2020-01-29T06:26:22Z
516,Shanie,Firpo,sfirpoeb@washingtonpost.com,Female,53.168.237.237,2020-04-29T01:40:58Z
517,Patty,Bools,pboolsec@weibo.com,Male,140.207.215.166,2019-12-27T19:28:43Z
518,Nevil,Arnaudin,narnaudined@lulu.com,Male,234.196.46.117,2020-12-09T06:52:16Z
519,Dorisa,Westphal,dwestphalee@pcworld.com,Female,94.149.238.117,2020-04-14T08:56:20Z
520,Krisha,Edward,kedwardef@thetimes.co.uk,Male,50.210.42.179,2020-06-26T10:20:49Z
521,Jodi,Maile,jmaileeg@mapy.cz,Male,50.151.200.153,2020-06-06T13:37:34Z
522,Leonanie,Evanson,levansoneh@ebay.com,Female,58.87.189.213,2020-02-11T13:15:52Z
523,Quinn,Billes,qbillesei@zdnet.com,Female,243.29.154.2,2020-05-02T14:46:27Z
524,Padget,Saldler,psaldlerej@t.co,Male,187.252.101.113,2020-04-25T01:12:08Z
525,Rollie,Bagwell,rbagwellek@si.edu,Male,228.49.98.147,2020-02-20T16:22:08Z
526,Mar,Vowles,mvowlesel@huffingtonpost.com,Male,202.17.205.121,2020-10-16T22:37:41Z
527,Katerine,Jaycox,kjaycoxem@woothemes.com,Female,64.94.52.225,2020-07-14T07:20:05Z
528,Horacio,Sinnat,hsinnaten@usnews.com,Male,154.5.73.173,2020-10-01T09:57:41Z
529,Alfonse,Fardell,afardelleo@virginia.edu,Male,159.168.25.218,2019-12-12T17:57:50Z
530,Iorgos,Halleybone,ihalleyboneep@w3.org,Male,195.244.54.227,2020-06-25T12:20:50Z
531,Henry,Nott,hnotteq@webmd.com,Male,100.120.76.212,2020-04-23T07:48:32Z
532,Fulvia,Ciobutaru,fciobutaruer@studiopress.com,Female,246.94.202.123,2020-04-30T18:58:03Z
533,Fina,Cuff,fcuffes@wunderground.com,Female,224.173.140.150,2020-05-07T17:39:25Z
534,Jerrilyn,Skipsey,jskipseyet@earthlink.net,Female,168.230.199.234,2020-07-08T15:29:46Z
535,Darline,Deane,ddeaneeu@hatena.ne.jp,Female,181.43.89.203,2020-10-06T11:22:02Z
536,Naoma,Boseley,nboseleyev@techcrunch.com,Female,26.251.97.218,2020-06-28T00:02:40Z
537,Gail,Dammarell,gdammarellew@digg.com,Male,54.35.182.182,2020-04-17T22:40:32Z
538,Kennedy,Humphris,khumphrisex@time.com,Male,113.159.135.57,2020-01-02T07:19:09Z
539,Vaclav,Reveland,vrevelandey@bbc.co.uk,Male,140.101.225.98,2020-05-16T11:49:08Z
540,Myrle,Grossman,mgrossmanez@shareasale.com,Female,225.239.4.253,2020-03-15T13:31:19Z
541,Moise,Twaits,mtwaitsf0@google.com.au,Male,70.151.7.154,2020-02-16T06:07:33Z
542,Bekki,Emmott,bemmottf1@mashable.com,Female,162.159.104.169,2020-04-29T10:45:45Z
543,Tove,Lambrechts,tlambrechtsf2@buzzfeed.com,Female,252.224.108.237,2020-06-05T22:08:02Z
544,Rollo,Riolfi,rriolfif3@yandex.ru,Male,112.37.233.100,2020-11-02T08:18:27Z
545,Kym,Symmons,ksymmonsf4@fda.gov,Female,65.87.137.182,2020-11-09T16:41:11Z
546,Dorella,Strothers,dstrothersf5@addthis.com,Female,33.115.121.146,2020-09-04T10:10:37Z
547,Raynor,Tooting,rtootingf6@bbb.org,Male,93.203.239.248,2020-08-18T23:29:39Z
548,Marielle,Drohan,mdrohanf7@fastcompany.com,Female,57.116.51.123,2020-09-03T08:22:17Z
549,Faythe,Beebe,fbeebef8@umn.edu,Female,253.143.155.54,2020-08-04T09:46:48Z
550,Sylas,Ledram,sledramf9@blogger.com,Male,19.166.246.52,2020-09-08T12:41:01Z
551,Violet,Tanser,vtanserfa@friendfeed.com,Female,234.101.125.164,2020-07-25T09:26:45Z
552,Bibbie,Donnellan,bdonnellanfb@europa.eu,Female,58.122.243.119,2020-01-13T22:53:04Z
553,Dame,Worham,dworhamfc@ocn.ne.jp,Male,93.61.235.18,2020-05-03T04:51:13Z
554,Lynde,Windram,lwindramfd@123-reg.co.uk,Female,227.226.155.201,2020-04-20T01:58:16Z
555,Betta,Warnock,bwarnockfe@paypal.com,Female,142.18.250.200,2020-10-17T09:54:37Z
556,Cleo,Endacott,cendacottff@parallels.com,Female,111.19.84.213,2020-08-13T09:03:08Z
557,Robinia,Daal,rdaalfg@netlog.com,Female,251.30.147.249,2020-03-14T00:10:56Z
558,Hollie,Freeborn,hfreebornfh@cdbaby.com,Female,208.152.170.153,2020-06-26T04:13:05Z
559,Gray,Mompesson,gmompessonfi@51.la,Female,247.194.58.120,2020-09-13T04:29:47Z
560,Marsh,Shoppee,mshoppeefj@alibaba.com,Male,128.64.112.163,2020-11-03T03:26:03Z
561,Abdel,Hayman,ahaymanfk@google.ru,Male,241.166.241.51,2020-05-19T15:53:30Z
562,Nicholle,Stillman,nstillmanfl@twitpic.com,Female,230.216.94.121,2020-05-30T21:03:35Z
563,Deni,Manser,dmanserfm@elegantthemes.com,Female,90.77.160.51,2020-09-18T03:23:13Z
564,Fonz,Bubbins,fbubbinsfn@indiegogo.com,Male,23.63.102.110,2020-10-16T22:04:58Z
565,Flem,Isenor,fisenorfo@bloomberg.com,Male,64.101.71.211,2020-02-07T14:31:59Z
566,Tabatha,Dungate,tdungatefp@umich.edu,Female,204.122.190.46,2019-12-16T19:03:09Z
567,Evvie,Banbridge,ebanbridgefq@mysql.com,Female,119.240.249.124,2020-01-30T08:05:09Z
568,Tersina,Blyth,tblythfr@1und1.de,Female,35.11.106.127,2020-11-23T19:53:24Z
569,Caye,Willes,cwillesfs@google.ca,Female,133.55.122.156,2020-04-22T08:13:41Z
570,Klarika,Bithany,kbithanyft@dot.gov,Female,253.250.10.51,2020-12-02T04:20:03Z
571,Franklin,Aven,favenfu@is.gd,Male,110.221.109.134,2020-04-24T21:34:06Z
572,Francesca,Romaynes,fromaynesfv@wordpress.com,Female,236.79.140.71,2020-09-03T10:19:16Z
573,Genna,Tungay,gtungayfw@hugedomains.com,Female,66.185.232.227,2020-12-07T23:41:30Z
574,Nessi,Abbs,nabbsfx@miitbeian.gov.cn,Female,154.155.40.16,2020-05-02T18:49:54Z
575,Vernor,Lob,vlobfy@chicagotribune.com,Male,90.213.107.8,2020-03-26T23:46:36Z
576,Ana,Astie,aastiefz@japanpost.jp,Female,210.189.13.250,2020-11-01T20:27:36Z
577,Lonna,Brayson,lbraysong0@tiny.cc,Female,217.162.10.18,2020-08-12T22:53:56Z
578,Wilhelm,Drinkall,wdrinkallg1@usda.gov,Male,30.74.90.33,2020-11-19T00:44:50Z
579,Minor,Swyer,mswyerg2@photobucket.com,Male,14.230.247.7,2020-08-25T14:57:20Z
580,Hugh,Seamon,hseamong3@slashdot.org,Male,31.150.246.165,2020-05-21T03:21:58Z
581,Kliment,Swains,kswainsg4@paginegialle.it,Male,245.139.220.210,2020-01-20T11:25:01Z
582,Karleen,Folder,kfolderg5@cnet.com,Female,250.99.75.68,2020-11-25T14:07:52Z
583,Luelle,Howselee,lhowseleeg6@gmpg.org,Female,227.103.227.125,2020-05-17T01:18:03Z
584,Edgar,Welham,ewelhamg7@dell.com,Male,178.113.213.0,2020-11-07T17:30:02Z
585,Melisande,Dougliss,mdouglissg8@illinois.edu,Female,221.250.24.231,2020-04-05T17:58:23Z
586,Fredek,Huffey,fhuffeyg9@jugem.jp,Male,67.113.253.46,2020-02-17T01:38:51Z
587,Pavlov,Fidge,pfidgega@usatoday.com,Male,187.36.42.252,2020-02-06T11:03:04Z
588,Brietta,Dinsale,bdinsalegb@shareasale.com,Female,123.225.238.177,2020-05-22T22:58:25Z
589,Corbin,Pentony,cpentonygc@sun.com,Male,95.191.29.236,2020-04-08T10:05:23Z
590,Merrie,Scathard,mscathardgd@auda.org.au,Female,236.73.239.4,2020-05-06T19:45:48Z
591,Bren,Delgadillo,bdelgadilloge@washingtonpost.com,Female,60.78.176.101,2020-07-05T08:30:28Z
592,Alyssa,Rowley,arowleygf@acquirethisname.com,Female,114.231.247.85,2020-03-25T02:07:09Z
593,Shayne,Clynman,sclynmangg@gizmodo.com,Female,21.76.57.117,2020-09-27T08:31:44Z
594,Melisa,Hellwing,mhellwinggh@taobao.com,Female,143.161.194.47,2020-05-26T05:11:45Z
595,Fredrika,Roney,froneygi@adobe.com,Female,4.169.122.244,2020-05-22T19:54:30Z
596,Arch,Gerholz,agerholzgj@eepurl.com,Male,138.141.172.120,2020-05-23T07:29:48Z
597,Godfry,Guiver,gguivergk@dropbox.com,Male,49.86.13.84,2020-07-14T22:16:47Z
598,Korry,Ranstead,kransteadgl@smh.com.au,Female,124.69.119.147,2020-09-20T14:54:14Z
599,Robbyn,Peltzer,rpeltzergm@gmpg.org,Female,243.11.2.138,2020-06-10T16:57:53Z
600,Stevena,Gauthorpp,sgauthorppgn@ning.com,Female,218.139.48.163,2020-03-23T17:53:25Z
601,Claudina,Sheddan,csheddango@dailymotion.com,Female,152.100.28.62,2020-09-18T23:12:35Z
602,Olia,Babinski,obabinskigp@amazon.co.jp,Female,157.228.90.151,2020-03-24T01:49:25Z
603,Warde,Karolczyk,wkarolczykgq@skyrock.com,Male,61.173.62.30,2020-06-16T06:00:42Z
604,Niles,Sprull,nsprullgr@ibm.com,Male,159.187.83.115,2020-05-04T15:41:07Z
605,Wilfred,Hurll,whurllgs@telegraph.co.uk,Male,244.76.10.162,2020-06-13T07:07:55Z
606,Nobe,Blucher,nbluchergt@europa.eu,Male,165.232.194.244,2020-09-30T01:03:40Z
607,Brock,Kilius,bkiliusgu@qq.com,Male,36.63.114.171,2020-05-02T17:45:52Z
608,Ferd,Blewitt,fblewittgv@europa.eu,Male,136.162.223.26,2020-04-26T22:42:18Z
609,Price,Skim,pskimgw@homestead.com,Male,57.202.198.248,2020-11-27T11:15:09Z
610,Wes,Dobbie,wdobbiegx@miitbeian.gov.cn,Male,1.108.227.73,2020-02-03T02:05:11Z
611,Riccardo,Elie,reliegy@purevolume.com,Male,85.213.242.159,2020-05-28T09:02:31Z
612,Anett,Ogilvy,aogilvygz@flavors.me,Female,10.67.119.54,2020-12-09T17:45:08Z
613,Orville,Mulbry,omulbryh0@usgs.gov,Male,112.35.12.127,2020-01-24T21:23:50Z
614,Ulric,Clever,ucleverh1@printfriendly.com,Male,155.129.3.118,2020-09-09T06:00:05Z
615,Grethel,Biddwell,gbiddwellh2@google.com,Female,205.141.2.124,2020-09-04T18:07:23Z
616,Farlay,Kilalea,fkilaleah3@a8.net,Male,236.121.128.93,2020-01-17T17:29:50Z
617,Demetre,Pretorius,dpretoriush4@phoca.cz,Male,13.167.159.36,2020-07-18T23:41:21Z
618,Nicolis,Coskerry,ncoskerryh5@sphinn.com,Male,40.2.72.225,2020-11-05T19:59:31Z
619,Cecilla,Petyakov,cpetyakovh6@opera.com,Female,16.194.189.198,2020-01-15T17:10:03Z
620,Hermon,Warnock,hwarnockh7@reverbnation.com,Male,126.41.182.214,2019-12-11T09:21:35Z
621,Heath,Messier,hmessierh8@army.mil,Male,74.108.66.148,2020-05-31T06:08:04Z
622,Karissa,Mangeney,kmangeneyh9@hostgator.com,Female,63.206.147.110,2020-08-22T20:08:48Z
623,Corinna,Wrighton,cwrightonha@ovh.net,Female,5.115.19.98,2020-07-26T03:42:34Z
624,Armstrong,Baldrick,abaldrickhb@msn.com,Male,202.229.146.238,2020-08-17T04:37:57Z
625,Loutitia,Marples,lmarpleshc@linkedin.com,Female,169.214.253.99,2020-06-14T16:32:43Z
626,Carlee,Ladds,claddshd@tripod.com,Female,85.55.185.18,2020-02-16T21:15:03Z
627,Tadd,Newcom,tnewcomhe@boston.com,Male,241.123.120.76,2020-07-26T13:09:12Z
628,Tina,Barkhouse,tbarkhousehf@constantcontact.com,Female,11.50.20.55,2020-07-24T03:25:16Z
629,Martie,Calcutt,mcalcutthg@goo.ne.jp,Male,15.193.123.85,2020-11-08T11:06:16Z
630,Chane,Wadham,cwadhamhh@imgur.com,Male,82.178.233.143,2020-11-08T03:52:14Z
631,Frank,Maddyson,fmaddysonhi@prlog.org,Female,49.161.193.36,2020-12-06T22:59:32Z
632,Robbyn,Tremolieres,rtremoliereshj@hud.gov,Female,69.8.55.212,2020-02-18T01:47:50Z
633,Jacquenetta,Hardesty,jhardestyhk@tripod.com,Female,42.45.203.164,2020-05-16T18:17:21Z
634,Amandy,Mitcheson,amitchesonhl@google.com,Female,129.226.197.37,2020-01-26T12:25:04Z
635,Jacinda,Dougliss,jdouglisshm@ed.gov,Female,227.210.160.158,2020-02-04T19:11:30Z
636,Rock,Lilburn,rlilburnhn@xing.com,Male,202.47.250.200,2020-03-14T21:27:53Z
637,Belia,Magarrell,bmagarrellho@wiley.com,Female,82.251.73.235,2020-07-19T04:15:12Z
638,Roxi,Hatto,rhattohp@odnoklassniki.ru,Female,246.70.149.148,2020-05-21T04:02:03Z
639,Leslie,Gubbins,lgubbinshq@howstuffworks.com,Male,116.143.237.101,2020-11-03T14:21:11Z
640,Morley,Leckey,mleckeyhr@rambler.ru,Male,155.101.144.38,2020-03-28T16:07:36Z
641,Betsey,Fulloway,bfullowayhs@umich.edu,Female,218.29.207.167,2020-12-06T12:35:17Z
642,Rudd,O'Calleran,rocalleranht@hostgator.com,Male,238.200.142.161,2020-09-26T14:28:56Z
643,Alanson,Shorbrook,ashorbrookhu@networkadvertising.org,Male,252.230.159.222,2020-08-14T08:09:30Z
644,Johnathan,Clemendot,jclemendothv@furl.net,Male,94.101.228.241,2020-02-10T06:10:06Z
645,Shawn,Niche,snichehw@histats.com,Female,204.11.96.141,2020-09-13T14:09:35Z
646,Wilone,Rickell,wrickellhx@marriott.com,Female,37.194.186.106,2020-04-24T22:26:51Z
647,Myrvyn,Lightwing,mlightwinghy@virginia.edu,Male,101.23.1.189,2020-01-09T13:08:33Z
648,Netta,Edling,nedlinghz@histats.com,Female,219.88.230.51,2020-07-11T03:50:13Z
649,Leslie,Minghi,lminghii0@linkedin.com,Male,15.249.179.24,2020-05-19T20:10:13Z
650,Marketa,Winman,mwinmani1@blog.com,Female,93.137.77.4,2020-05-25T06:41:40Z
651,Ronda,Yetman,ryetmani2@tripadvisor.com,Female,109.252.23.39,2020-06-05T15:54:48Z
652,Anneliese,Kildale,akildalei3@furl.net,Female,125.51.65.60,2020-05-13T22:03:27Z
653,Alphonse,January,ajanuaryi4@deviantart.com,Male,165.51.187.100,2020-03-28T07:04:29Z
654,Courtney,Tixall,ctixalli5@marketwatch.com,Male,142.160.79.129,2020-02-12T07:33:01Z
655,Devy,Driussi,ddriussii6@google.cn,Male,73.222.104.144,2020-04-03T01:01:20Z
656,Meryl,Maxted,mmaxtedi7@opera.com,Male,235.168.151.168,2020-05-04T19:29:42Z
657,Mellisent,Busch,mbuschi8@unesco.org,Female,180.21.34.42,2020-07-24T21:55:12Z
658,Thayne,Pidgeon,tpidgeoni9@virginia.edu,Male,8.182.153.166,2020-07-28T14:11:21Z
659,Tod,Carmont,tcarmontia@live.com,Male,112.26.26.85,2019-12-25T07:42:31Z
660,Randi,Merigeau,rmerigeauib@twitter.com,Male,33.246.21.65,2020-09-02T12:39:42Z
661,Goldia,Faires,gfairesic@hexun.com,Female,1.59.85.183,2020-01-22T10:52:50Z
662,Rica,Swedeland,rswedelandid@zimbio.com,Female,6.126.53.76,2020-03-04T08:12:24Z
663,Gloria,Von Oertzen,gvonoertzenie@technorati.com,Female,209.184.129.23,2020-03-26T12:12:54Z
664,Broddy,Heaker,bheakerif@t-online.de,Male,232.26.128.133,2020-11-03T20:34:13Z
665,Salmon,Bimrose,sbimroseig@indiegogo.com,Male,207.84.240.139,2020-05-09T13:32:45Z
666,Nilson,Cheyenne,ncheyenneih@boston.com,Male,156.174.152.150,2020-07-08T21:33:41Z
667,Regan,Paye,rpayeii@sitemeter.com,Female,39.202.247.119,2020-12-05T10:09:00Z
668,Reggie,Ashmore,rashmoreij@columbia.edu,Male,213.121.102.145,2020-01-15T11:25:21Z
669,Gayel,Allard,gallardik@mtv.com,Female,155.85.73.62,2020-09-15T14:39:46Z
670,Dorisa,Trass,dtrassil@ox.ac.uk,Female,73.212.47.124,2020-02-09T10:47:42Z
671,Mil,Chowne,mchowneim@surveymonkey.com,Female,136.230.7.166,2020-01-20T03:53:25Z
672,Sean,Stammler,sstammlerin@i2i.jp,Female,58.165.68.213,2020-08-13T06:31:33Z
673,Birdie,Digman,bdigmanio@stumbleupon.com,Female,114.61.61.147,2020-08-19T15:34:30Z
674,Grantley,Dommett,gdommettip@addthis.com,Male,85.122.132.135,2020-04-06T19:57:27Z
675,Wildon,Piddington,wpiddingtoniq@apple.com,Male,117.116.126.143,2020-03-21T20:52:15Z
676,Radcliffe,L' Estrange,rlestrangeir@wordpress.org,Male,46.252.12.197,2020-02-25T03:42:39Z
677,Mariam,Van Salzberger,mvansalzbergeris@nih.gov,Female,190.32.108.77,2020-04-25T02:25:10Z
678,Carver,Cleeve,ccleeveit@blogtalkradio.com,Male,119.179.204.43,2020-03-01T08:59:43Z
679,Lawrence,Werrilow,lwerrilowiu@furl.net,Male,220.11.84.102,2020-09-06T09:53:16Z
680,Ivar,Stanlack,istanlackiv@dagondesign.com,Male,116.236.133.255,2020-04-24T03:38:33Z
681,Marni,Creamen,mcreameniw@nifty.com,Female,75.3.72.239,2020-06-18T09:16:57Z
682,Tabbie,Jantot,tjantotix@wix.com,Male,44.176.168.80,2020-11-17T17:29:58Z
683,Sadie,Ludron,sludroniy@intel.com,Female,176.112.173.191,2020-08-15T18:31:30Z
684,Reece,Westwater,rwestwateriz@qq.com,Male,134.22.251.20,2020-02-13T09:33:30Z
685,Tamarra,Gurney,tgurneyj0@comcast.net,Female,109.47.196.154,2020-10-21T03:18:59Z
686,Yoko,Venners,yvennersj1@jalbum.net,Female,170.203.33.142,2019-12-13T20:05:49Z
687,Wilfred,Bradnum,wbradnumj2@tinyurl.com,Male,200.227.30.46,2020-04-05T10:12:17Z
688,Jonis,Casterou,jcasterouj3@princeton.edu,Female,35.84.119.178,2020-01-03T08:55:50Z
689,Orren,Riseam,oriseamj4@flavors.me,Male,21.249.110.234,2020-11-30T03:23:14Z
690,Brien,Jerams,bjeramsj5@google.com,Male,183.207.57.66,2020-05-24T20:30:25Z
691,Zelma,Ivashintsov,zivashintsovj6@google.nl,Female,246.5.148.192,2020-02-08T14:09:58Z
692,Jenni,Iacovelli,jiacovellij7@cbsnews.com,Female,170.243.238.213,2020-04-07T20:24:06Z
693,Malia,Nabbs,mnabbsj8@unesco.org,Female,90.18.230.249,2020-05-04T08:51:14Z
694,Fredelia,Luckham,fluckhamj9@mlb.com,Female,95.210.103.94,2020-09-27T17:10:47Z
695,Karin,Kytter,kkytterja@infoseek.co.jp,Female,27.103.220.200,2020-12-05T22:27:26Z
696,Micah,Pea,mpeajb@nature.com,Male,189.46.31.36,2019-12-31T06:21:47Z
697,Arlen,Sinclaire,asinclairejc@nyu.edu,Female,104.124.148.172,2020-06-15T11:25:13Z
698,Carmelina,Tatters,ctattersjd@sakura.ne.jp,Female,10.147.38.118,2020-01-10T19:00:51Z
699,Robby,Teggart,rteggartje@ibm.com,Male,81.113.111.91,2020-05-01T14:18:40Z
700,Kathi,Hastings,khastingsjf@cnn.com,Female,58.178.229.154,2019-12-25T00:54:12Z
701,Darbee,Cartmael,dcartmaeljg@chronoengine.com,Male,3.227.82.166,2020-11-17T16:15:24Z
702,Rori,Zaple,rzaplejh@va.gov,Female,166.184.211.196,2020-05-06T20:24:50Z
703,Ronald,Ribbon,rribbonji@bigcartel.com,Male,243.62.143.36,2019-12-28T15:48:33Z
704,Ginevra,Tuer,gtuerjj@cloudflare.com,Female,46.51.134.82,2020-01-17T01:35:15Z
705,Nickolas,Wilkes,nwilkesjk@reuters.com,Male,221.56.110.109,2019-12-26T03:43:39Z
706,Harold,Jordeson,hjordesonjl@alibaba.com,Male,143.29.171.128,2020-01-25T16:52:20Z
707,Norrie,Bark,nbarkjm@nydailynews.com,Female,173.244.241.93,2020-08-09T01:36:19Z
708,Noel,Clac,nclacjn@alexa.com,Female,22.9.236.194,2019-12-19T00:05:55Z
709,Kerr,Damant,kdamantjo@google.it,Male,226.205.109.105,2020-01-17T21:44:41Z
710,Vernon,Arnowitz,varnowitzjp@biglobe.ne.jp,Male,200.201.182.26,2020-04-28T18:12:50Z
711,Dill,Cready,dcreadyjq@aol.com,Male,21.182.2.38,2020-07-15T11:57:18Z
712,Jennie,Sexten,jsextenjr@zdnet.com,Female,47.235.45.3,2020-11-12T20:10:21Z
713,Kristine,Rivaland,krivalandjs@g.co,Female,1.201.81.75,2020-04-04T05:21:26Z
714,Kinnie,Benoi,kbenoijt@ucsd.edu,Male,138.115.45.53,2019-12-13T03:32:55Z
715,Frederick,Hulett,fhulettju@geocities.com,Male,248.63.155.198,2020-05-02T13:02:19Z
716,Jareb,Sayburn,jsayburnjv@thetimes.co.uk,Male,184.124.219.26,2020-10-22T10:48:42Z
717,Renee,Organ,rorganjw@livejournal.com,Female,128.168.49.94,2020-07-02T01:41:07Z
718,Karin,Priddy,kpriddyjx@google.de,Female,246.250.85.161,2020-03-08T11:38:25Z
719,Davy,Feaver,dfeaverjy@wiley.com,Male,61.67.61.70,2020-02-28T07:43:04Z
720,Denis,Dureden,dduredenjz@google.de,Male,205.28.190.12,2020-09-20T06:46:28Z
721,Opalina,Dacey,odaceyk0@netscape.com,Female,1.76.135.177,2020-07-12T21:42:32Z
722,Gustavo,Luck,gluckk1@sciencedaily.com,Male,40.46.175.202,2020-08-23T06:46:19Z
723,Carrol,Brooke,cbrookek2@nature.com,Male,186.62.161.70,2020-07-22T23:50:32Z
724,Jelene,Ceccoli,jceccolik3@opensource.org,Female,218.137.225.119,2020-01-01T14:51:35Z
725,Lorne,Chelley,lchelleyk4@de.vu,Female,106.228.241.80,2020-01-17T05:34:52Z
726,Janene,Hamlin,jhamlink5@i2i.jp,Female,28.85.58.127,2020-05-30T01:07:40Z
727,Benoit,Crimpe,bcrimpek6@geocities.jp,Male,5.132.251.149,2020-07-16T08:35:52Z
728,Dalt,Bjorkan,dbjorkank7@desdev.cn,Male,197.69.25.24,2020-04-13T23:24:32Z
729,Marlo,Mattek,mmattekk8@paypal.com,Female,52.141.131.44,2020-11-25T10:28:28Z
730,Teddy,Guerro,tguerrok9@vk.com,Female,209.100.96.123,2020-03-24T11:49:50Z
731,Geri,Bachelar,gbachelarka@slate.com,Female,212.43.99.16,2019-12-18T13:32:48Z
732,Tim,Bedell,tbedellkb@umn.edu,Female,106.239.70.74,2020-07-19T14:41:45Z
733,Zacharie,Dearle,zdearlekc@blogs.com,Male,96.160.118.222,2020-05-20T21:34:46Z
734,Daisie,Ingliss,dinglisskd@icio.us,Female,207.37.20.97,2020-07-24T09:23:44Z
735,Hartley,Dinley,hdinleyke@prweb.com,Male,70.23.60.63,2020-10-13T09:55:57Z
736,Keith,Jacqueme,kjacquemekf@netscape.com,Male,137.220.133.252,2020-03-07T00:50:42Z
737,Dari,McClunaghan,dmcclunaghankg@sfgate.com,Female,136.169.36.87,2020-08-29T06:20:06Z
738,Lizbeth,Ganforthe,lganforthekh@gov.uk,Female,125.191.181.14,2020-11-21T14:08:19Z
739,Cari,Dilawey,cdilaweyki@unicef.org,Female,217.106.135.216,2020-03-10T17:02:36Z
740,Electra,Varnes,evarneskj@google.com.br,Female,63.15.75.163,2020-12-01T16:04:21Z
741,Clovis,Rivilis,criviliskk@paypal.com,Female,115.150.233.92,2020-01-25T17:49:02Z
742,Melli,Vanacci,mvanaccikl@miibeian.gov.cn,Female,0.203.97.147,2020-03-26T11:28:33Z
743,Florrie,Streetfield,fstreetfieldkm@rediff.com,Female,249.241.5.228,2020-09-14T21:24:48Z
744,Rheta,Carlett,rcarlettkn@opera.com,Female,219.232.30.244,2020-09-04T23:41:59Z
745,Karina,Owlner,kowlnerko@nps.gov,Female,242.6.107.142,2020-05-15T08:37:32Z
746,Tab,Danigel,tdanigelkp@patch.com,Male,251.117.180.229,2020-07-28T22:13:11Z
747,Ebonee,Roget,erogetkq@washingtonpost.com,Female,210.234.220.148,2020-06-12T19:21:45Z
748,Filippa,Dufaire,fdufairekr@wikipedia.org,Female,194.93.222.136,2020-08-26T08:45:31Z
749,Karylin,Portt,kporttks@tamu.edu,Female,68.237.251.156,2020-01-14T15:34:20Z
750,Angy,Plaster,aplasterkt@dell.com,Female,71.21.163.181,2020-02-24T10:23:40Z
751,Sergei,Siss,ssissku@seesaa.net,Male,142.153.245.20,2020-12-04T02:42:47Z
752,Pinchas,McLernon,pmclernonkv@sciencedaily.com,Male,64.121.136.166,2019-12-12T11:14:13Z
753,Luelle,Lygoe,llygoekw@ifeng.com,Female,178.43.137.82,2020-10-26T01:18:42Z
754,Adan,Teideman,ateidemankx@loc.gov,Male,11.180.23.173,2020-06-15T18:45:21Z
755,Bebe,Vautin,bvautinky@noaa.gov,Female,180.252.152.27,2020-03-09T15:56:15Z
756,Vladamir,Kermott,vkermottkz@hostgator.com,Male,171.226.107.173,2020-06-03T17:56:05Z
757,Alisander,Follen,afollenl0@ucoz.com,Male,163.232.44.203,2020-07-28T20:53:45Z
758,Janka,Guslon,jguslonl1@rambler.ru,Female,226.42.182.139,2020-03-10T23:40:45Z
759,Corenda,D'Ugo,cdugol2@princeton.edu,Female,67.139.22.164,2020-05-17T20:23:41Z
760,Phillip,Palphreyman,ppalphreymanl3@harvard.edu,Male,227.86.89.99,2020-08-11T12:20:23Z
761,Corenda,Savile,csavilel4@google.es,Female,154.241.234.199,2020-09-21T01:00:24Z
762,Umeko,Colombier,ucolombierl5@sourceforge.net,Female,31.226.229.102,2020-04-29T07:46:19Z
763,Davina,Arnet,darnetl6@mashable.com,Female,154.81.215.80,2020-05-27T17:32:11Z
764,Chelsy,Streat,cstreatl7@europa.eu,Female,0.53.153.168,2020-01-06T03:27:25Z
765,Adler,Pankettman,apankettmanl8@yandex.ru,Male,41.14.65.166,2020-10-14T11:29:12Z
766,Avrit,Woodings,awoodingsl9@si.edu,Female,77.80.125.107,2019-12-12T14:49:37Z
767,Cristiano,Kearle,ckearlela@ed.gov,Male,199.8.217.100,2020-03-12T00:27:27Z
768,Kayle,Baignard,kbaignardlb@about.me,Female,140.6.179.187,2020-05-31T23:31:30Z
769,Augustin,Oxteby,aoxtebylc@storify.com,Male,223.80.180.189,2020-02-03T10:56:22Z
770,Devan,Ackroyd,dackroydld@imdb.com,Female,243.110.168.235,2020-07-20T23:28:30Z
771,Mohandis,Stolze,mstolzele@latimes.com,Male,57.23.69.0,2020-06-29T01:38:55Z
772,Stearn,Spacy,sspacylf@sphinn.com,Male,7.34.86.58,2020-05-09T20:00:26Z
773,Quint,Lisimore,qlisimorelg@nyu.edu,Male,207.60.44.7,2020-10-12T14:29:00Z
774,Sandy,Windmill,swindmilllh@ucsd.edu,Female,142.56.61.32,2020-10-30T13:29:30Z
775,Sergio,O' Lone,soloneli@wordpress.com,Male,162.202.133.180,2020-10-19T23:35:21Z
776,Kaylyn,Raun,kraunlj@hc360.com,Female,159.222.2.119,2020-07-07T23:57:23Z
777,Lorens,Spellicy,lspellicylk@drupal.org,Male,192.77.210.100,2020-02-17T22:03:53Z
778,Roderic,Spraberry,rspraberryll@ucoz.ru,Male,221.183.51.36,2020-06-30T06:37:54Z
779,Richard,Upham,ruphamlm@goodreads.com,Male,207.82.204.72,2020-11-04T07:19:41Z
780,Ingrim,Elstub,ielstubln@stanford.edu,Male,126.44.130.154,2020-05-08T14:34:24Z
781,Reine,Major,rmajorlo@slate.com,Female,29.41.170.134,2020-06-07T23:23:34Z
782,Corabelle,Reijmers,creijmerslp@twitter.com,Female,47.17.138.243,2020-07-14T07:06:25Z
783,Fraze,Pimlott,fpimlottlq@tamu.edu,Male,239.35.104.125,2020-11-24T16:01:09Z
784,Madison,Garms,mgarmslr@imdb.com,Male,24.19.219.187,2020-11-15T05:31:21Z
785,Dolly,Glewe,dglewels@ovh.net,Female,158.9.121.18,2020-11-21T05:57:00Z
786,Jayme,Shapera,jshaperalt@nbcnews.com,Male,249.57.46.169,2020-05-26T03:28:50Z
787,Gwynne,Keppin,gkeppinlu@java.com,Female,216.180.31.105,2020-03-13T05:38:11Z
788,Aldous,Acosta,aacostalv@uol.com.br,Male,78.251.128.17,2020-10-18T19:04:03Z
789,Roddie,Crothers,rcrotherslw@icio.us,Male,40.5.103.170,2019-12-24T04:28:52Z
790,Tabb,Hoolaghan,thoolaghanlx@miitbeian.gov.cn,Male,68.196.128.80,2020-03-19T23:41:25Z
791,Margaretta,Delaney,mdelaneyly@moonfruit.com,Female,91.9.155.37,2020-11-11T12:14:42Z
792,Gonzalo,Saltmarsh,gsaltmarshlz@kickstarter.com,Male,237.237.167.17,2020-08-01T16:31:09Z
793,Jacobo,Leek,jleekm0@washington.edu,Male,140.252.175.49,2020-09-25T22:49:58Z
794,Delora,Balsillie,dbalsilliem1@xrea.com,Female,235.96.110.164,2020-05-02T01:06:12Z
795,Ripley,McGloughlin,rmcgloughlinm2@howstuffworks.com,Male,37.108.129.53,2020-01-27T10:36:05Z
796,Quent,Duckers,qduckersm3@amazon.com,Male,31.243.87.177,2020-03-22T21:38:41Z
797,Toby,Mayho,tmayhom4@privacy.gov.au,Male,158.209.103.241,2020-02-02T01:17:05Z
798,Sonnie,Unstead,sunsteadm5@pinterest.com,Female,21.163.168.14,2020-09-30T02:16:33Z
799,Marcel,Petteford,mpettefordm6@friendfeed.com,Male,108.184.134.179,2020-01-25T12:12:18Z
800,Ali,Malden,amaldenm7@t-online.de,Female,216.70.28.95,2020-09-05T19:08:47Z
801,Dylan,Claire,dclairem8@aol.com,Male,235.19.218.97,2019-12-23T18:03:58Z
802,Clemence,Pickerill,cpickerillm9@goo.gl,Female,156.183.53.215,2020-11-26T01:56:20Z
803,Rhianna,Keilloh,rkeillohma@gov.uk,Female,210.223.28.176,2020-09-22T23:59:06Z
804,Sayer,MacParlan,smacparlanmb@nasa.gov,Male,22.129.59.236,2020-03-28T13:23:32Z
805,Joan,Nursey,jnurseymc@prnewswire.com,Female,109.168.98.37,2020-07-07T21:43:14Z
806,Loree,Turfus,lturfusmd@goodreads.com,Female,101.87.136.22,2020-03-08T03:54:54Z
807,Mervin,Farryn,mfarrynme@accuweather.com,Male,150.212.186.185,2020-08-28T11:36:09Z
808,Hendrik,Burkwood,hburkwoodmf@plala.or.jp,Male,159.23.105.143,2020-08-06T02:33:42Z
809,Dorey,Vankov,dvankovmg@google.co.jp,Male,160.211.251.147,2020-05-21T23:11:12Z
810,Walker,Castagnier,wcastagniermh@mediafire.com,Male,137.175.75.122,2020-11-01T01:03:45Z
811,Debra,Capelle,dcapellemi@drupal.org,Female,95.56.76.219,2020-07-17T19:38:14Z
812,Zolly,McPartling,zmcpartlingmj@ycombinator.com,Male,197.113.15.106,2020-04-28T05:15:29Z
813,Ruby,Warrender,rwarrendermk@alexa.com,Female,63.170.145.173,2019-12-23T23:09:43Z
814,Dedie,Stoakley,dstoakleyml@last.fm,Female,170.164.6.141,2020-10-07T03:14:46Z
815,Aguistin,Blackborn,ablackbornmm@mysql.com,Male,219.192.248.83,2020-05-14T09:57:44Z
816,Carson,Rennison,crennisonmn@cafepress.com,Male,203.72.56.43,2020-04-30T15:22:14Z
817,Loy,Ayre,layremo@cnet.com,Male,80.194.81.185,2020-05-14T12:52:22Z
818,Mellisa,Gatherell,mgatherellmp@tumblr.com,Female,123.189.72.154,2020-08-22T07:16:28Z
819,Rosette,Zamboniari,rzamboniarimq@ucsd.edu,Female,151.242.99.15,2020-02-13T04:51:05Z
820,Giffie,Amori,gamorimr@nih.gov,Male,252.85.148.30,2020-09-15T14:27:20Z
821,Charin,Cantua,ccantuams@psu.edu,Female,53.60.73.234,2020-02-04T08:41:25Z
822,Annelise,Kinghorne,akinghornemt@youtu.be,Female,50.81.96.90,2020-09-13T06:35:44Z
823,Fulvia,Lamminam,flamminammu@sogou.com,Female,159.160.61.242,2020-10-14T12:42:08Z
824,Alexandrina,Chell,achellmv@ucoz.ru,Female,78.141.114.38,2020-04-21T14:49:01Z
825,Russ,Gribbell,rgribbellmw@sohu.com,Male,220.217.197.68,2020-10-12T13:47:23Z
826,Augustina,Hymus,ahymusmx@chicagotribune.com,Female,107.115.92.128,2020-04-20T22:36:01Z
827,Cornela,Owens,cowensmy@topsy.com,Female,1.102.49.166,2020-05-19T22:52:19Z
828,Gael,Smalls,gsmallsmz@spiegel.de,Female,55.174.121.127,2020-09-07T14:46:33Z
829,Deedee,Tabbernor,dtabbernorn0@bizjournals.com,Female,156.174.78.64,2020-06-24T04:16:08Z
830,Noelle,Mallebone,nmallebonen1@spotify.com,Female,75.178.32.0,2020-11-04T04:02:49Z
831,Tadd,Bradford,tbradfordn2@dmoz.org,Male,91.8.180.107,2020-01-21T11:54:24Z
832,Josy,Scurrer,jscurrern3@macromedia.com,Female,120.246.77.47,2020-05-05T01:01:11Z
833,Rori,Dysart,rdysartn4@typepad.com,Female,9.97.144.167,2020-12-03T00:46:00Z
834,Amelie,Sawkins,asawkinsn5@ihg.com,Female,79.248.73.237,2020-08-20T16:28:25Z
835,Thain,Wilfinger,twilfingern6@webs.com,Male,156.145.186.26,2020-07-22T00:12:09Z
836,Ryann,Crowcombe,rcrowcomben7@ucoz.ru,Female,182.12.197.224,2020-05-26T12:54:57Z
837,Tull,Soppit,tsoppitn8@answers.com,Male,28.130.181.153,2020-01-04T02:09:02Z
838,Cybill,Simon,csimonn9@chicagotribune.com,Female,234.116.239.101,2020-05-29T04:40:51Z
839,Alphonso,Bozward,abozwardna@barnesandnoble.com,Male,127.44.222.179,2020-09-02T15:02:01Z
840,Janeczka,Enever,jenevernb@wikimedia.org,Female,167.124.96.69,2020-02-29T06:47:45Z
841,Consalve,Westcott,cwestcottnc@mozilla.org,Male,167.103.229.164,2020-09-03T07:51:38Z
842,Christa,Plott,cplottnd@newsvine.com,Female,139.4.46.252,2020-06-08T10:41:48Z
843,Orin,McConville,omcconvillene@nymag.com,Male,58.81.86.119,2020-05-25T08:24:01Z
844,Leonhard,Ionnidis,lionnidisnf@indiegogo.com,Male,201.102.249.89,2020-01-16T16:10:44Z
845,Drucill,Cadle,dcadleng@twitpic.com,Female,61.150.225.76,2020-07-01T07:58:20Z
846,Lanie,Moncur,lmoncurnh@jalbum.net,Female,181.56.15.119,2020-12-04T09:23:02Z
847,Randi,Maleham,rmalehamni@parallels.com,Male,194.88.138.157,2020-06-20T04:24:44Z
848,Mella,Maso,mmasonj@hao123.com,Female,180.68.37.214,2020-11-27T09:31:20Z
849,Giuditta,Slatter,gslatternk@devhub.com,Female,118.6.205.80,2020-05-11T20:46:40Z
850,Gibbie,Sarch,gsarchnl@is.gd,Male,253.194.238.183,2020-08-18T13:17:51Z
851,Leo,McCahill,lmccahillnm@google.co.jp,Male,69.44.86.143,2020-08-20T13:25:26Z
852,Dell,Whitely,dwhitelynn@vimeo.com,Female,105.76.110.161,2020-02-25T21:39:29Z
853,Courtnay,Aiton,caitonno@smh.com.au,Male,105.22.33.203,2020-01-26T12:07:04Z
854,Rickard,Got,rgotnp@newyorker.com,Male,152.235.6.159,2020-03-16T16:48:54Z
855,Garrek,Merrydew,gmerrydewnq@domainmarket.com,Male,33.24.113.161,2020-11-23T08:14:01Z
856,Koo,Dencs,kdencsnr@nih.gov,Female,32.217.116.112,2020-07-09T16:19:12Z
857,Madge,Buey,mbueyns@oaic.gov.au,Female,173.242.82.215,2020-08-17T08:16:29Z
858,Beaufort,Pietroni,bpietronint@yellowpages.com,Male,3.57.84.46,2020-03-03T15:55:01Z
859,Hilliary,Cholmondeley,hcholmondeleynu@xinhuanet.com,Female,47.48.216.185,2020-03-18T21:01:39Z
860,Melvyn,Storrs,mstorrsnv@slate.com,Male,66.78.161.62,2020-10-30T15:58:03Z
861,Karlen,Peet,kpeetnw@goo.gl,Female,235.109.128.35,2020-07-04T17:57:24Z
862,Gerardo,Petruskevich,gpetruskevichnx@bizjournals.com,Male,97.240.37.207,2020-01-07T01:21:37Z
863,Elfrieda,Twiddle,etwiddleny@cargocollective.com,Female,81.22.89.77,2019-12-13T19:28:49Z
864,Nessy,Smallacombe,nsmallacombenz@miibeian.gov.cn,Female,8.219.168.186,2020-02-17T15:15:39Z
865,Karlis,Nunan,knunano0@ustream.tv,Male,59.65.196.146,2020-07-28T01:11:18Z
866,Anastassia,Masters,amasterso1@xing.com,Female,7.61.207.72,2020-07-19T21:18:11Z
867,Brok,Wytchard,bwytchardo2@clickbank.net,Male,37.97.248.62,2020-08-16T15:02:48Z
868,Carmelita,Redwing,credwingo3@adobe.com,Female,163.76.235.62,2020-07-20T23:48:33Z
869,Kaile,Guillon,kguillono4@va.gov,Female,188.111.171.61,2020-08-20T20:16:03Z
870,Ellary,Merring,emerringo5@usnews.com,Male,239.54.200.42,2020-08-07T19:36:55Z
871,Berna,Corkett,bcorketto6@over-blog.com,Female,60.88.181.73,2020-09-22T17:38:07Z
872,Tomi,Broggini,tbrogginio7@nydailynews.com,Female,148.126.89.134,2020-12-09T09:48:37Z
873,Shelton,Cookman,scookmano8@yolasite.com,Male,171.178.232.8,2020-06-08T19:43:38Z
874,Towney,Brain,tbraino9@gnu.org,Male,214.249.61.230,2020-01-17T17:08:10Z
875,Wenonah,Brendeke,wbrendekeoa@msu.edu,Female,189.78.19.214,2020-03-30T21:54:44Z
876,Derwin,Layton,dlaytonob@elpais.com,Male,152.67.169.38,2020-01-20T00:26:25Z
877,Thebault,Pideon,tpideonoc@deliciousdays.com,Male,104.237.92.22,2020-04-24T11:01:28Z
878,Jacenta,Preddy,jpreddyod@t-online.de,Female,84.60.140.96,2019-12-29T19:49:21Z
879,Bertie,Dollman,bdollmanoe@surveymonkey.com,Male,22.64.234.183,2020-11-25T18:24:59Z
880,Agnes,Eddleston,aeddlestonof@free.fr,Female,146.65.9.155,2020-08-15T13:24:41Z
881,Borg,Rutherfoord,brutherfoordog@samsung.com,Male,227.134.189.197,2020-08-09T09:36:00Z
882,Freddi,Casterou,fcasterouoh@soundcloud.com,Female,162.21.14.221,2020-02-09T23:21:46Z
883,Lettie,Braunter,lbraunteroi@ebay.co.uk,Female,102.107.53.66,2020-09-22T02:55:16Z
884,Bar,Nunnerley,bnunnerleyoj@vkontakte.ru,Male,6.43.11.105,2020-10-09T03:51:39Z
885,Pace,Walentynowicz,pwalentynowiczok@tuttocitta.it,Male,250.166.223.193,2020-08-24T20:14:02Z
886,Kirsti,Bode,kbodeol@flickr.com,Female,0.78.40.188,2020-03-24T20:45:55Z
887,Paco,Rosita,prositaom@tinyurl.com,Male,98.192.184.214,2020-11-06T08:57:23Z
888,Irena,Edington,iedingtonon@nih.gov,Female,52.215.0.65,2020-09-16T23:03:25Z
889,Lola,Wharmby,lwharmbyoo@google.pl,Female,52.163.237.234,2020-06-04T04:49:32Z
890,Seumas,Varah,svarahop@ftc.gov,Male,26.95.186.7,2020-08-28T04:23:08Z
891,Wrennie,Plows,wplowsoq@google.co.uk,Female,62.116.97.72,2020-02-24T17:44:04Z
892,Honey,Mattek,hmattekor@nymag.com,Female,87.103.113.31,2020-09-12T01:44:27Z
893,Darb,McAlinion,dmcalinionos@springer.com,Male,116.72.240.243,2020-05-23T16:16:21Z
894,Cobby,Fawks,cfawksot@forbes.com,Male,128.232.61.28,2020-08-12T14:17:14Z
895,Margaretha,Tewkesberry,mtewkesberryou@bloomberg.com,Female,204.116.48.241,2020-07-31T03:58:33Z
896,Parke,Ilden,pildenov@freewebs.com,Male,190.64.248.101,2020-04-12T08:23:04Z
897,Cart,Foxhall,cfoxhallow@gov.uk,Male,3.239.104.97,2020-09-25T06:18:49Z
898,Cozmo,Brice,cbriceox@washingtonpost.com,Male,127.154.73.134,2020-03-21T06:41:39Z
899,Gretta,Hentzeler,ghentzeleroy@delicious.com,Female,197.110.33.97,2020-06-21T12:21:18Z
900,Valentina,Johanssen,vjohanssenoz@noaa.gov,Female,35.174.158.204,2020-09-06T12:37:50Z
901,Ivan,Hebson,ihebsonp0@google.co.uk,Male,173.96.186.176,2020-10-02T01:58:07Z
902,Haywood,Yakobowitz,hyakobowitzp1@msu.edu,Male,167.48.111.62,2020-10-05T18:15:19Z
903,Cheston,Mapledorum,cmapledorump2@sciencedaily.com,Male,59.253.111.129,2020-02-13T05:58:12Z
904,Bertha,Bromont,bbromontp3@gmpg.org,Female,13.132.39.53,2020-02-29T11:23:37Z
905,Jenilee,Leafe,jleafep4@sina.com.cn,Female,74.54.177.30,2019-12-31T12:29:52Z
906,Martguerita,Wickerson,mwickersonp5@npr.org,Female,3.28.196.233,2020-11-28T19:11:22Z
907,Clywd,Alred,calredp6@discuz.net,Male,212.10.109.239,2019-12-31T02:42:50Z
908,Meridel,Paschek,mpaschekp7@webnode.com,Female,22.215.202.96,2019-12-24T17:01:14Z
909,Henri,Whistan,hwhistanp8@rambler.ru,Male,127.112.173.46,2020-06-06T00:03:40Z
910,Jarib,Duckwith,jduckwithp9@friendfeed.com,Male,148.37.71.32,2020-05-14T14:35:17Z
911,Berri,Dunwoody,bdunwoodypa@ca.gov,Female,90.75.151.169,2019-12-31T01:27:04Z
912,Derward,Gellibrand,dgellibrandpb@spotify.com,Male,189.34.186.132,2020-10-20T22:07:14Z
913,Roland,Buckie,rbuckiepc@redcross.org,Male,214.254.58.238,2020-05-04T05:07:49Z
914,Bibbye,Crowcher,bcrowcherpd@last.fm,Female,114.125.148.0,2020-03-02T00:52:58Z
915,Tripp,Passy,tpassype@ocn.ne.jp,Male,6.194.55.231,2020-03-30T19:23:50Z
916,Sauveur,Bernhardi,sbernhardipf@godaddy.com,Male,30.86.99.111,2020-10-15T06:57:46Z
917,Mira,Idill,midillpg@meetup.com,Female,130.104.234.59,2020-08-14T09:49:15Z
918,Heinrick,Brigge,hbriggeph@tmall.com,Male,66.225.76.249,2020-03-18T01:23:22Z
919,Stephanie,Rawle,srawlepi@w3.org,Female,245.111.229.133,2020-04-25T00:15:11Z
920,Layne,Paton,lpatonpj@globo.com,Female,18.177.186.81,2020-01-11T14:53:23Z
921,Joelynn,Bridal,jbridalpk@ox.ac.uk,Female,156.180.103.191,2020-08-12T20:52:52Z
922,Sunshine,Abrami,sabramipl@ustream.tv,Female,49.68.65.137,2020-03-07T22:29:05Z
923,Sandy,Grimolbie,sgrimolbiepm@sciencedaily.com,Male,94.2.177.133,2020-12-09T04:21:42Z
924,Mar,Elvins,melvinspn@tamu.edu,Male,106.231.170.134,2020-11-04T10:48:30Z
925,Jodi,Standbridge,jstandbridgepo@tinyurl.com,Male,90.169.57.117,2020-09-26T21:29:34Z
926,Jule,Tingley,jtingleypp@symantec.com,Male,197.170.128.244,2019-12-19T16:12:36Z
927,Romain,Purkess,rpurkesspq@tripod.com,Male,23.168.215.143,2020-10-11T00:30:04Z
928,Bank,Tollady,btolladypr@hatena.ne.jp,Male,72.89.178.171,2020-11-05T05:11:02Z
929,Karlis,Hassall,khassallps@disqus.com,Male,34.25.155.177,2020-05-13T19:56:21Z
930,Reynolds,Trowel,rtrowelpt@cornell.edu,Male,84.230.91.108,2020-03-12T19:40:30Z
931,Willey,Sugarman,wsugarmanpu@histats.com,Male,188.51.86.65,2020-02-01T21:18:52Z
932,Shurlock,Seath,sseathpv@shop-pro.jp,Male,245.5.159.233,2020-03-06T22:38:24Z
933,Brenden,Fieldstone,bfieldstonepw@goo.ne.jp,Male,67.235.121.223,2020-03-14T14:20:54Z
934,Bryn,Taffrey,btaffreypx@ask.com,Male,106.104.66.215,2020-09-22T11:08:19Z
935,Hermina,Ouver,houverpy@1und1.de,Female,113.68.208.192,2020-03-14T18:19:20Z
936,Ignacio,Hourican,ihouricanpz@hugedomains.com,Male,45.58.46.23,2020-08-30T10:47:59Z
937,Ringo,Loggie,rloggieq0@webeden.co.uk,Male,35.49.107.190,2020-08-14T16:40:46Z
938,Karmen,Message,kmessageq1@tamu.edu,Female,40.161.110.116,2020-11-16T12:20:50Z
939,Peggie,Domanek,pdomanekq2@gov.uk,Female,69.160.39.184,2020-08-23T14:15:22Z
940,Willey,Loton,wlotonq3@about.com,Male,189.85.110.32,2020-09-15T05:43:41Z
941,Ellissa,Realph,erealphq4@goo.gl,Female,201.164.85.33,2020-03-27T18:46:09Z
942,Broderick,Kewzick,bkewzickq5@salon.com,Male,143.50.82.95,2020-03-29T07:57:12Z
943,Joby,Henri,jhenriq6@taobao.com,Female,192.22.205.114,2020-10-01T09:07:05Z
944,Engelbert,Briggdale,ebriggdaleq7@ted.com,Male,147.197.215.39,2020-09-21T16:16:17Z
945,Deni,Waldocke,dwaldockeq8@ox.ac.uk,Female,12.172.140.240,2020-05-06T05:19:16Z
946,Ulrick,Aleksandrev,ualeksandrevq9@booking.com,Male,185.164.240.40,2020-07-14T16:11:33Z
947,Liliane,Murcott,lmurcottqa@dyndns.org,Female,80.170.15.6,2020-05-31T02:44:50Z
948,Alethea,Manueau,amanueauqb@jimdo.com,Female,89.163.194.82,2020-08-18T00:13:53Z
949,Kory,Stafford,kstaffordqc@freewebs.com,Male,178.252.150.178,2020-09-03T00:42:14Z
950,Horatius,Stolz,hstolzqd@sfgate.com,Male,133.158.191.237,2020-01-22T18:33:40Z
951,Ginevra,Yushkin,gyushkinqe@imdb.com,Female,30.35.159.191,2020-04-18T12:16:54Z
952,Ramsey,Overell,roverellqf@elpais.com,Male,185.162.250.210,2020-11-08T03:08:38Z
953,Stacee,Cattle,scattleqg@free.fr,Male,135.76.140.3,2020-08-17T22:25:37Z
954,Jerrilyn,Klicher,jklicherqh@bing.com,Female,95.0.25.172,2020-10-01T14:41:47Z
955,Ardyth,Vevers,aveversqi@list-manage.com,Female,146.1.227.210,2020-10-10T18:07:47Z
956,Ase,Albrooke,aalbrookeqj@google.it,Male,145.206.44.19,2020-09-14T05:04:46Z
957,Margot,Drinkhill,mdrinkhillqk@twitpic.com,Female,206.225.130.190,2020-03-04T17:01:28Z
958,Thorstein,Guinness,tguinnessql@ucoz.ru,Male,247.247.85.215,2020-06-12T04:49:20Z
959,Christian,Arnholdt,carnholdtqm@spotify.com,Female,111.212.69.213,2020-04-11T12:15:31Z
960,Kippy,Henden,khendenqn@cnn.com,Female,131.144.47.249,2020-05-21T21:22:28Z
961,Bibby,Lapre,blapreqo@bbb.org,Female,95.185.245.229,2020-03-02T15:27:32Z
962,Lin,Harmes,lharmesqp@latimes.com,Male,148.194.10.163,2020-10-12T23:52:35Z
963,Witty,Pedron,wpedronqq@jigsy.com,Male,108.253.190.94,2020-06-20T15:50:56Z
964,Celinka,O'Carmody,cocarmodyqr@bloglines.com,Female,88.45.185.251,2020-09-06T18:44:49Z
965,Gris,Linster,glinsterqs@networksolutions.com,Male,141.234.195.220,2020-06-08T00:26:09Z
966,Brit,Dolman,bdolmanqt@prnewswire.com,Female,47.43.194.242,2020-11-11T15:56:28Z
967,Eduino,Merveille,emerveillequ@reuters.com,Male,45.233.93.142,2020-03-05T21:07:11Z
968,Thomasa,Bulley,tbulleyqv@macromedia.com,Female,12.14.8.1,2020-10-09T14:17:58Z
969,Padraig,Slowcock,pslowcockqw@uol.com.br,Male,211.82.5.52,2020-11-24T11:04:36Z
970,Caressa,Bermingham,cberminghamqx@thetimes.co.uk,Female,96.87.109.94,2020-06-11T19:29:58Z
971,Drew,Bonn,dbonnqy@apache.org,Male,52.175.112.112,2020-01-15T07:03:40Z
972,Griff,Boone,gbooneqz@imgur.com,Male,125.162.180.149,2020-07-28T08:51:42Z
973,Viviyan,Midlar,vmidlarr0@twitter.com,Female,50.156.91.191,2020-10-30T07:19:45Z
974,Trevar,Coggles,tcogglesr1@bloglines.com,Male,204.138.117.39,2020-09-20T12:24:36Z
975,Kimball,Moens,kmoensr2@google.pl,Male,82.39.106.11,2020-08-20T10:09:54Z
976,Prissie,Klemke,pklemker3@wordpress.com,Female,252.9.130.243,2020-09-01T10:07:24Z
977,Nefen,Fargher,nfargherr4@go.com,Male,5.58.5.182,2020-08-21T09:01:55Z
978,Kenn,Dell Casa,kdellcasar5@telegraph.co.uk,Male,239.12.10.69,2020-03-18T10:02:08Z
979,Margit,Hachette,mhachetter6@msu.edu,Female,111.56.116.41,2020-08-17T13:15:59Z
980,Adel,Brinklow,abrinklowr7@oaic.gov.au,Female,166.182.227.98,2020-09-08T22:31:29Z
981,Stormie,McGivena,smcgivenar8@edublogs.org,Female,238.9.88.182,2020-05-19T11:15:47Z
982,Cristine,Wybrow,cwybrowr9@jimdo.com,Female,100.51.144.182,2020-03-12T13:42:25Z
983,Curran,Oakenfall,coakenfallra@shinystat.com,Male,215.43.243.153,2020-05-14T11:59:58Z
984,Mahalia,Bicksteth,mbickstethrb@sohu.com,Female,70.213.151.56,2020-08-07T22:52:25Z
985,Jennine,Tweedle,jtweedlerc@sitemeter.com,Female,113.186.177.91,2020-07-03T13:42:39Z
986,Jourdan,Lotherington,jlotheringtonrd@oakley.com,Female,115.149.226.198,2020-12-07T11:38:20Z
987,Heda,Common,hcommonre@freewebs.com,Female,169.246.10.149,2019-12-12T12:59:18Z
988,Marna,Huntingford,mhuntingfordrf@discovery.com,Female,3.55.141.232,2020-03-19T13:00:52Z
989,Alfonse,Jacobson,ajacobsonrg@zdnet.com,Male,198.106.117.205,2020-12-06T02:48:17Z
990,Merilyn,Warfield,mwarfieldrh@nsw.gov.au,Female,206.151.40.250,2020-10-03T20:18:07Z
991,Phil,Oubridge,poubridgeri@yandex.ru,Male,220.108.178.206,2020-05-22T16:34:49Z
992,Nanice,Jelf,njelfrj@usatoday.com,Female,23.186.30.41,2020-03-14T21:26:44Z
993,Wanda,Andrey,wandreyrk@elegantthemes.com,Female,118.215.115.8,2020-03-23T04:32:44Z
994,Dara,Yorke,dyorkerl@plala.or.jp,Female,59.252.131.59,2020-02-13T13:21:58Z
995,Madison,Lanham,mlanhamrm@go.com,Male,14.105.65.6,2020-09-14T02:22:32Z
996,Ethyl,Hilldrup,ehilldruprn@uiuc.edu,Female,211.175.85.117,2020-09-16T17:42:11Z
997,Killian,MacKinnon,kmackinnonro@weebly.com,Male,123.26.55.77,2020-06-08T03:42:54Z
998,Amby,Pate,apaterp@reference.com,Male,220.8.13.7,2020-05-31T19:45:59Z
999,Jerrine,Lightwing,jlightwingrq@state.tx.us,Female,164.146.200.228,2020-08-28T07:58:16Z
1000,Farica,Gilbart,fgilbartrr@springer.com,Female,74.10.43.231,2020-05-12T15:57:47Z
